"","type","country","year","mood","Heterogeneity"
"1","Citizen","Argentina",1996,-0.299768587542762,1.74465723439748
"5","Citizen","Argentina",1998,0.812669304055292,0.784793244165682
"14","Citizen","Argentina",2000,1.0573995684191,3.31671704043227
"18","Citizen","Argentina",2001,0.458058233795077,2.96097109764633
"25","Citizen","Argentina",2002,-0.328970127598894,1.74650678786932
"30","Citizen","Argentina",2003,0.116195541398943,1.61875257331108
"35","Citizen","Argentina",2004,0.34214319115493,2.03144235980854
"38","Citizen","Argentina",2005,0.65767705552413,3.64915516327699
"44","Citizen","Argentina",2006,0.706561057537982,2.66662673316101
"46","Citizen","Argentina",2007,0.363475484065349,4.38907922404653
"57","Citizen","Argentina",2008,-0.63754156304735,1.84152712774425
"74","Citizen","Argentina",2009,0.476657831637326,3.74550392690823
"80","Citizen","Argentina",2010,0.490136437815282,2.25959128799962
"90","Citizen","Argentina",2011,0.300247111570567,1.85339548575962
"94","Citizen","Argentina",2012,-0.574471528629329,1.80312198063896
"99","Citizen","Argentina",2013,-0.0273472292429131,2.17343401387348
"102","Citizen","Argentina",2014,-0.185700494511512,1.98780466754624
"104","Citizen","Bolivia",1996,-0.48884525854705,1.71982881777365
"108","Citizen","Bolivia",1998,0.920859196300914,0.841438746365342
"117","Citizen","Bolivia",2000,0.848788182221767,3.88590739856213
"121","Citizen","Bolivia",2001,0.667495302016285,3.08469453165323
"128","Citizen","Bolivia",2002,0.171231517893668,2.19946331992772
"133","Citizen","Bolivia",2003,-0.212144471751647,1.56028285859239
"138","Citizen","Bolivia",2004,0.110687484001087,1.85391677060216
"141","Citizen","Bolivia",2005,0.68512937182758,3.29032596937672
"147","Citizen","Bolivia",2006,0.44636422827134,2.55551707656557
"149","Citizen","Bolivia",2007,0.702531034964332,5.1167305087209
"160","Citizen","Bolivia",2008,-0.156559447761819,1.18716137662747
"177","Citizen","Bolivia",2009,0.792314740832361,3.73781156487266
"183","Citizen","Bolivia",2010,0.549111145972624,2.2109095747742
"193","Citizen","Bolivia",2011,0.499557840933949,2.25149696442447
"197","Citizen","Bolivia",2012,-0.250532968736855,2.00470123803929
"202","Citizen","Bolivia",2013,0.934619605398077,2.43422408009377
"205","Citizen","Bolivia",2014,0.127783660753875,2.10850004814595
"207","Citizen","Brazil",1996,-0.0716095101694742,1.82608776532679
"211","Citizen","Brazil",1998,0.774980422381474,0.804439878698632
"220","Citizen","Brazil",2000,0.879677573638267,2.43898893475005
"224","Citizen","Brazil",2001,0.769343254479084,2.40700535822972
"231","Citizen","Brazil",2002,0.699403969462124,1.96788508676243
"236","Citizen","Brazil",2003,0.404974409112016,1.07217371824602
"241","Citizen","Brazil",2004,0.637952692264076,1.72024313550685
"244","Citizen","Brazil",2005,1.18175906500079,1.94238593789884
"250","Citizen","Brazil",2006,0.717711757867204,2.46578554076285
"252","Citizen","Brazil",2007,1.55695527696056,5.57038578986657
"263","Citizen","Brazil",2008,0.270469871914811,0.893528321869292
"280","Citizen","Brazil",2009,1.31133195312919,2.72083548730436
"286","Citizen","Brazil",2010,0.491732013800296,1.94085599706204
"296","Citizen","Brazil",2011,0.790144395720053,2.60970624613891
"300","Citizen","Brazil",2012,-0.360587263520481,2.37537313971208
"305","Citizen","Brazil",2013,0.828972192598206,1.81793648358669
"308","Citizen","Brazil",2014,0.225480986445362,2.11831938819945
"310","Citizen","Chile",1996,-0.156702577697294,2.01815796845258
"314","Citizen","Chile",1998,0.684850316958948,0.652132059629637
"323","Citizen","Chile",2000,0.946510508634264,3.57771065822253
"327","Citizen","Chile",2001,1.46275300087587,1.72985057226598
"334","Citizen","Chile",2002,-0.0917206230489478,2.22765930180724
"339","Citizen","Chile",2003,0.236599237382727,1.26199880808151
"344","Citizen","Chile",2004,0.679132702250116,2.08511168151983
"347","Citizen","Chile",2005,1.46313856775556,2.30816559085627
"353","Citizen","Chile",2006,0.409163280552899,2.45887213937116
"355","Citizen","Chile",2007,1.25665000220274,3.80654430803617
"366","Citizen","Chile",2008,-0.648005728122708,1.56950434887465
"383","Citizen","Chile",2009,0.920905811454054,3.23437642765481
"389","Citizen","Chile",2010,-0.0301073333675194,1.82618371344014
"399","Citizen","Chile",2011,-0.159078698957765,1.82088847416713
"403","Citizen","Chile",2012,-0.735380524005993,2.03565005191701
"408","Citizen","Chile",2013,0.0385254970435207,2.07794616776553
"411","Citizen","Chile",2014,-0.451217176138218,1.79093816278463
"413","Citizen","Colombia",1996,-0.204917661111468,1.85896442459255
"417","Citizen","Colombia",1998,0.860042594454765,0.599881829665394
"426","Citizen","Colombia",2000,1.26692971913631,3.56074160878413
"430","Citizen","Colombia",2001,0.740332678568655,2.49978459698796
"437","Citizen","Colombia",2002,0.131630154578776,1.92529354979039
"442","Citizen","Colombia",2003,0.162293886926792,1.1095544710015
"447","Citizen","Colombia",2004,0.544287507109218,1.82169798734773
"450","Citizen","Colombia",2005,1.49020162251606,2.92012647347539
"456","Citizen","Colombia",2006,0.246997222662788,2.37849961198383
"458","Citizen","Colombia",2007,2.08337210987025,3.59423091986895
"469","Citizen","Colombia",2008,0.219002297455428,0.741276568006311
"486","Citizen","Colombia",2009,0.230087681683583,2.65113728810948
"497","Citizen","Colombia",2010,0.600866792958995,1.72008903031141
"507","Citizen","Colombia",2011,0.227824308863001,1.4314491681197
"517","Citizen","Colombia",2012,0.0248486520215183,1.88413339793821
"522","Citizen","Colombia",2013,0.277590454530365,2.10826622741722
"525","Citizen","Colombia",2014,0.331972393426015,2.05448534672718
"527","Citizen","CostaRica",1996,-0.278328489999515,2.05127668266795
"531","Citizen","CostaRica",1998,1.32526468277363,0.484819111066144
"540","Citizen","CostaRica",2000,1.41868823260592,2.27521367724221
"544","Citizen","CostaRica",2001,0.723360566574009,2.48640401827707
"551","Citizen","CostaRica",2002,0.739532982946132,2.64314570465044
"556","Citizen","CostaRica",2003,-0.114344869207378,1.27613386184578
"561","Citizen","CostaRica",2004,0.619502674357022,1.81710233060874
"564","Citizen","CostaRica",2005,1.57014341090807,1.68491176655717
"570","Citizen","CostaRica",2006,0.298452560104369,2.31881409502857
"572","Citizen","CostaRica",2007,1.02359693399319,3.7938101232974
"583","Citizen","CostaRica",2008,-0.0100671458941124,1.18398102822102
"600","Citizen","CostaRica",2009,1.61580293534233,2.69589273915182
"606","Citizen","CostaRica",2010,0.204078756360997,1.76633550437827
"616","Citizen","CostaRica",2011,0.441291946080198,2.5379669419375
"620","Citizen","CostaRica",2012,0.0482880653468987,2.12343275508519
"625","Citizen","CostaRica",2013,0.0592453179009913,2.31258262425259
"628","Citizen","CostaRica",2014,0.349993260472857,2.25685589352849
"630","Citizen","DominicanRep",2004,0.255126647153813,1.86377359992855
"633","Citizen","DominicanRep",2005,0.994785743009692,3.37076978268333
"639","Citizen","DominicanRep",2006,0.41160830901567,2.49680924718135
"641","Citizen","DominicanRep",2007,2.39688946403194,2.36988321788044
"652","Citizen","DominicanRep",2008,-0.126236977428404,0.750276956156674
"669","Citizen","DominicanRep",2009,0.750876549337129,3.74547767449996
"675","Citizen","DominicanRep",2010,0.351285738188739,1.77089239028278
"685","Citizen","DominicanRep",2011,0.00728718904660549,2.44487870211855
"689","Citizen","DominicanRep",2012,-0.409725060978335,1.6376323487731
"694","Citizen","DominicanRep",2013,0.775957385176881,2.19809226324877
"697","Citizen","DominicanRep",2014,-0.0290724163942921,1.91759519672162
"699","Citizen","Ecuador",1996,-0.66601898989569,1.79822152987685
"703","Citizen","Ecuador",1998,1.11681338521702,0.44206328748346
"712","Citizen","Ecuador",2000,1.40266513383992,2.67424679407479
"716","Citizen","Ecuador",2001,1.11331410753434,2.40775262784971
"723","Citizen","Ecuador",2002,0.350525467027387,2.22856242402173
"728","Citizen","Ecuador",2003,-0.410138284941961,1.38268700074904
"733","Citizen","Ecuador",2004,-0.178177858550839,2.07843398704281
"736","Citizen","Ecuador",2005,0.790869657524895,3.03906198266078
"742","Citizen","Ecuador",2006,0.137873772571572,2.37431646845853
"744","Citizen","Ecuador",2007,1.15619868551567,4.2868818487477
"755","Citizen","Ecuador",2008,0.146937586353129,0.919577048618288
"772","Citizen","Ecuador",2009,0.606152002193666,4.14260994806626
"778","Citizen","Ecuador",2010,0.451375278714047,1.73720310195734
"788","Citizen","Ecuador",2011,0.650316239259273,1.83446873661204
"792","Citizen","Ecuador",2012,-0.0958112924930427,2.04793906855397
"797","Citizen","Ecuador",2013,1.14133510781572,2.04485690663148
"800","Citizen","Ecuador",2014,0.117468738606579,2.10071963444985
"802","Citizen","ElSalvador",1996,-0.437799181566317,1.96596558773391
"806","Citizen","ElSalvador",1998,1.07712072405936,0.489650511821697
"815","Citizen","ElSalvador",2000,1.29777218415485,3.13225392466488
"819","Citizen","ElSalvador",2001,1.15598731310857,1.76446473691494
"826","Citizen","ElSalvador",2002,0.733159165813677,2.28491708668108
"831","Citizen","ElSalvador",2003,-0.132611826060938,1.40500652106033
"836","Citizen","ElSalvador",2004,0.298284606339431,1.93425872700188
"839","Citizen","ElSalvador",2005,0.535314309124363,3.49937873547056
"845","Citizen","ElSalvador",2006,-0.0649299735508622,2.06854238452818
"847","Citizen","ElSalvador",2007,1.95672211689248,3.28337826444044
"858","Citizen","ElSalvador",2008,-0.0924140165335614,1.12260593240432
"875","Citizen","ElSalvador",2009,1.51045842488963,3.04537602715737
"881","Citizen","ElSalvador",2010,0.164342155094075,2.2751998882958
"891","Citizen","ElSalvador",2011,0.384305275189297,2.53225026042262
"895","Citizen","ElSalvador",2012,-0.470492643310193,1.77184193231662
"900","Citizen","ElSalvador",2013,-0.480544820925855,2.09509138909935
"903","Citizen","ElSalvador",2014,0.00519511802542056,2.02968220828492
"905","Citizen","Guatemala",1996,-0.404045571775101,2.15267929854375
"909","Citizen","Guatemala",1998,0.898756304098664,0.692112217335926
"918","Citizen","Guatemala",2000,1.39172253853081,3.18638333318144
"922","Citizen","Guatemala",2001,1.02245171762755,2.31746749772511
"929","Citizen","Guatemala",2002,0.932486763797627,1.81024184702809
"934","Citizen","Guatemala",2003,-0.358215329328112,1.67133955331504
"939","Citizen","Guatemala",2004,0.457544038659257,1.69534123966844
"942","Citizen","Guatemala",2005,0.813509142465319,3.69742191859951
"948","Citizen","Guatemala",2006,0.262643691218623,2.2971078836964
"950","Citizen","Guatemala",2007,0.881127726475383,5.71258682441297
"961","Citizen","Guatemala",2008,-0.0736793504280842,1.22999892303439
"978","Citizen","Guatemala",2009,0.737914234089477,4.88431185947995
"984","Citizen","Guatemala",2010,0.141166861112812,2.54295122487108
"994","Citizen","Guatemala",2011,0.0194667962459132,2.83146730524309
"998","Citizen","Guatemala",2012,-0.0610952271966951,2.30797706106067
"1003","Citizen","Guatemala",2013,0.0875570290360564,2.2370219725947
"1006","Citizen","Guatemala",2014,0.1839720227921,2.1724640090559
"1008","Citizen","Honduras",1996,-0.838126435475262,1.80294223407597
"1012","Citizen","Honduras",1998,0.9148799122576,0.502895179362364
"1021","Citizen","Honduras",2000,1.47871357669363,3.34830803629908
"1025","Citizen","Honduras",2001,0.542218651039187,2.03634985603849
"1032","Citizen","Honduras",2002,0.666542070378733,2.47099473476076
"1037","Citizen","Honduras",2003,0.680339183493991,1.11878260438411
"1042","Citizen","Honduras",2004,0.654132103706944,1.47348612328164
"1045","Citizen","Honduras",2005,1.24392514781288,2.78852503030751
"1051","Citizen","Honduras",2006,0.382572101224832,2.40577779427315
"1053","Citizen","Honduras",2007,1.67747072976197,4.23209716156592
"1064","Citizen","Honduras",2008,0.361650625907397,0.893213310319698
"1081","Citizen","Honduras",2009,1.84528552043798,3.06357037646768
"1087","Citizen","Honduras",2010,0.769662891269004,2.56566828748283
"1097","Citizen","Honduras",2011,0.238081930938824,2.48059158467012
"1101","Citizen","Honduras",2012,0.388270919716028,2.50880623032841
"1106","Citizen","Honduras",2013,0.47027011488986,1.82343848207061
"1109","Citizen","Honduras",2014,0.227291118896217,2.09285539598448
"1111","Citizen","Mexico",1996,-0.359465595950393,1.75273401103574
"1115","Citizen","Mexico",1998,0.056370530381036,0.64373257954397
"1124","Citizen","Mexico",2000,0.883816615101547,3.24950172721455
"1128","Citizen","Mexico",2001,0.691166676636853,3.79752889956658
"1135","Citizen","Mexico",2002,0.437944160045753,2.22012194463958
"1140","Citizen","Mexico",2003,-0.086774137028773,1.37725798125823
"1145","Citizen","Mexico",2004,0.532885290192465,1.95132307217991
"1148","Citizen","Mexico",2005,1.43523255754856,2.57856101632632
"1154","Citizen","Mexico",2006,0.630369601656585,2.33693341857001
"1156","Citizen","Mexico",2007,1.96838136619913,3.24872298803728
"1167","Citizen","Mexico",2008,-0.889850507210335,1.38448364391522
"1184","Citizen","Mexico",2009,1.35014120945051,3.36548657355378
"1190","Citizen","Mexico",2010,-0.104936913611381,2.33444787368001
"1200","Citizen","Mexico",2011,0.286337361481237,2.02922017187339
"1204","Citizen","Mexico",2012,-0.628747921327199,1.64757739877598
"1209","Citizen","Mexico",2013,0.200780347952099,2.11034378340567
"1212","Citizen","Mexico",2014,-0.0737430049219331,1.92535699337339
"1214","Citizen","Nicaragua",1996,-0.615786887632006,1.75128196374701
"1218","Citizen","Nicaragua",1998,1.26273185950044,0.470730348602605
"1227","Citizen","Nicaragua",2000,1.68729530639799,2.19825569848983
"1231","Citizen","Nicaragua",2001,1.56612383038254,1.47646601704335
"1238","Citizen","Nicaragua",2002,1.1675528274302,1.7573918894635
"1243","Citizen","Nicaragua",2003,0.45952124634357,1.15187319075107
"1248","Citizen","Nicaragua",2004,0.893188019149653,1.43109971089123
"1251","Citizen","Nicaragua",2005,1.38879681313392,2.30766490680739
"1257","Citizen","Nicaragua",2006,-0.0479732422284895,2.00362943105116
"1259","Citizen","Nicaragua",2007,2.1083500504489,3.06428047702674
"1270","Citizen","Nicaragua",2008,0.30372214302842,1.01157628392437
"1287","Citizen","Nicaragua",2009,1.39212521948864,3.04689948280505
"1293","Citizen","Nicaragua",2010,0.725595814094738,1.75447450262754
"1303","Citizen","Nicaragua",2011,0.763877237552804,1.5566593635017
"1307","Citizen","Nicaragua",2012,-0.371898008886986,1.71061242799741
"1312","Citizen","Nicaragua",2013,0.604954832016089,2.00031500409033
"1315","Citizen","Nicaragua",2014,0.153332869139215,2.08113856219695
"1317","Citizen","Panama",1996,-0.430970497322201,1.86647345663497
"1321","Citizen","Panama",1998,0.548193273841546,0.913547458273227
"1330","Citizen","Panama",2000,0.363461474393445,2.52087951494935
"1334","Citizen","Panama",2001,0.632459653049082,3.68619285198571
"1341","Citizen","Panama",2002,0.298321209378631,2.62322015777671
"1346","Citizen","Panama",2003,-0.516380913609547,1.42075354646949
"1351","Citizen","Panama",2004,0.0550089485990009,1.73031531275511
"1354","Citizen","Panama",2005,0.507911420899034,1.55331264519105
"1360","Citizen","Panama",2006,0.0126453657541938,2.16252050502787
"1362","Citizen","Panama",2007,1.20211948827909,3.74088546751937
"1373","Citizen","Panama",2008,-0.359933692629747,1.30378267748733
"1390","Citizen","Panama",2009,1.04136191362317,3.1502085361034
"1396","Citizen","Panama",2010,0.616295610658266,2.29759976602874
"1406","Citizen","Panama",2011,0.828958995414377,3.07491929273903
"1410","Citizen","Panama",2012,-0.288186754200838,2.02715086683929
"1415","Citizen","Panama",2013,-0.042105458746167,2.43406008572779
"1418","Citizen","Panama",2014,0.722598509875033,2.68328449215525
"1420","Citizen","Paraguay",1996,-0.121297256865863,2.14637398494834
"1424","Citizen","Paraguay",1998,1.22362742250653,0.798851602011553
"1433","Citizen","Paraguay",2000,1.27448003078919,3.30834518473846
"1437","Citizen","Paraguay",2001,1.62153771697408,1.78667803371885
"1444","Citizen","Paraguay",2002,0.420248360437747,1.99596801137194
"1449","Citizen","Paraguay",2003,0.497318605259942,1.29387579128267
"1454","Citizen","Paraguay",2004,0.377981612643126,1.77221310538088
"1457","Citizen","Paraguay",2005,0.838623457900231,3.22420609162225
"1463","Citizen","Paraguay",2006,0.0674587632847003,2.14440434040552
"1465","Citizen","Paraguay",2007,1.59277640957622,3.87068519950096
"1476","Citizen","Paraguay",2008,0.144721239236211,1.23386124161182
"1493","Citizen","Paraguay",2009,1.20346315035578,3.36672728381748
"1499","Citizen","Paraguay",2010,1.07954240930494,1.25774881904499
"1509","Citizen","Paraguay",2011,1.15095573648806,2.31645929937398
"1513","Citizen","Paraguay",2012,-0.305143876012446,1.86598127380401
"1518","Citizen","Paraguay",2013,0.614867364820473,1.58476655051321
"1521","Citizen","Paraguay",2014,0.158283420752134,2.07786154353381
"1523","Citizen","Peru",1996,-0.567933870787905,1.88469214893526
"1527","Citizen","Peru",1998,1.01298996276097,0.681004098998962
"1536","Citizen","Peru",2000,1.49394046592715,2.65418963267417
"1540","Citizen","Peru",2001,0.935641257473108,2.98722611925224
"1547","Citizen","Peru",2002,0.230403816567211,2.23060461607798
"1552","Citizen","Peru",2003,0.186521576885469,1.35546095708018
"1557","Citizen","Peru",2004,0.472741308958137,1.73514824601817
"1560","Citizen","Peru",2005,1.09477092119818,2.65050039972334
"1566","Citizen","Peru",2006,0.350086282191088,2.48679300759487
"1568","Citizen","Peru",2007,1.61129140382048,4.12592017311864
"1579","Citizen","Peru",2008,0.0827253832871868,1.04933014823911
"1596","Citizen","Peru",2009,1.15018667983118,3.80592783695247
"1602","Citizen","Peru",2010,0.460710792804364,2.64695686740533
"1612","Citizen","Peru",2011,0.545086078004838,2.22462285474311
"1616","Citizen","Peru",2012,-0.388060003985199,1.99613800808462
"1621","Citizen","Peru",2013,0.450146897267873,2.11185534323368
"1624","Citizen","Peru",2014,0.241621753518363,2.19123272090989
"1626","Citizen","Uruguay",1996,-0.231860069569362,1.71834875802758
"1630","Citizen","Uruguay",1998,0.336284425140684,1.00976926636674
"1639","Citizen","Uruguay",2000,0.245339857226951,3.48246441987059
"1643","Citizen","Uruguay",2001,0.52088137108556,2.74701261074647
"1650","Citizen","Uruguay",2002,-0.448699630463623,2.13489018944801
"1655","Citizen","Uruguay",2003,0.134525830083701,1.31364436961566
"1660","Citizen","Uruguay",2004,0.220950280699244,1.9712659358585
"1663","Citizen","Uruguay",2005,1.72544668182216,2.00762160344668
"1669","Citizen","Uruguay",2006,0.508838292539358,2.41751986395676
"1671","Citizen","Uruguay",2007,1.90653416512997,2.18303667135262
"1682","Citizen","Uruguay",2008,0.406766291596415,0.91667802714167
"1699","Citizen","Uruguay",2009,1.11042847686251,3.40056754932396
"1705","Citizen","Uruguay",2010,0.587691759741611,1.66035175689644
"1715","Citizen","Uruguay",2011,0.777324400587502,1.6591113716598
"1719","Citizen","Uruguay",2012,-0.303952498765928,1.77506646106344
"1724","Citizen","Uruguay",2013,0.562272159123151,1.900807602779
"1727","Citizen","Uruguay",2014,0.309995870840372,2.14655558357739
"1729","Citizen","Venezuela",1996,-0.31627563428867,2.21687876362142
"1733","Citizen","Venezuela",1998,1.17374836245451,0.850764351404546
"1742","Citizen","Venezuela",2000,1.63741415588647,2.82481253262098
"1746","Citizen","Venezuela",2001,1.12199026919954,3.71470035584721
"1753","Citizen","Venezuela",2002,0.384531939552238,2.13773747204098
"1758","Citizen","Venezuela",2003,-0.0884179371406244,1.59919050133269
"1763","Citizen","Venezuela",2004,0.489517909207488,2.13268923269563
"1766","Citizen","Venezuela",2005,1.41835914359417,2.8256450502717
"1772","Citizen","Venezuela",2006,0.847170472777869,2.5271719079912
"1774","Citizen","Venezuela",2007,1.61076027577748,4.62319828540932
"1785","Citizen","Venezuela",2008,0.322836946951411,1.36408707313555
"1802","Citizen","Venezuela",2009,0.832317290765319,3.76395240248944
"1808","Citizen","Venezuela",2010,0.8851865629241,2.20593593883915
"1818","Citizen","Venezuela",2011,0.6219505044535,2.42492728521925
"1822","Citizen","Venezuela",2012,0.0193151867927835,2.0623214672597
"1827","Citizen","Venezuela",2013,0.705601257181575,2.12013348117363
"1830","Citizen","Venezuela",2014,0.815776464842124,2.33366983467173
"1832","Legislator","Argentina",1995,1.53477005541356,2.4770552385253
"1841","Legislator","Argentina",1997,1.11036323600961,0.472716142198712
"1855","Legislator","Argentina",2003,0.47109946909675,1.281766307442
"1866","Legislator","Argentina",2005,0.0747104069903778,3.21294573487174
"1875","Legislator","Argentina",2009,-0.549040025538376,2.53556581948936
"1881","Legislator","Bolivia",1993,1.77483309277515,0.485451015754554
"1891","Legislator","Bolivia",1997,0.802922786451583,0.456416279176733
"1905","Legislator","Bolivia",2002,0.279664029119215,1.68919347806249
"1916","Legislator","Bolivia",2006,0.138869201727061,2.155955814254
"1925","Legislator","Brazil",2003,0.536677204309418,1.04195879128398
"1936","Legislator","Brazil",2007,1.00482224682634,2.61426407453605
"1943","Legislator","Brazil",2013,2.25502977180918,0.693504114942304
"1950","Legislator","Chile",1993,2.12119100852577,1.04653463656695
"1960","Legislator","Chile",1997,1.32744714669812,0.250982830704054
"1974","Legislator","Chile",2002,1.09099357210594,0.794172915634269
"1985","Legislator","Chile",2006,1.17680355688216,1.79767157833196
"1994","Legislator","Chile",2010,0.768805758185385,3.00361057337651
"2001","Legislator","Colombia",1998,0.767368111821238,1.07111220288195
"2015","Legislator","Colombia",2002,0.492271460406816,2.04724129581373
"2026","Legislator","Colombia",2006,0.61098280846917,1.97762384744242
"2034","Legislator","Colombia",2010,0.0370623285737988,4.7874004387586
"2041","Legislator","CostaRica",1994,0.475233508384676,3.06513348370706
"2050","Legislator","CostaRica",1998,0.53235280266599,0.504952455697543
"2064","Legislator","CostaRica",2002,0.0566589662916181,2.47028827156501
"2074","Legislator","CostaRica",2006,0.263095002708536,1.91161610940249
"2083","Legislator","CostaRica",2010,-0.0890033103514865,2.34527791534933
"2089","Legislator","DominicanRep",1994,0.423726357408426,3.06144661277632
"2097","Legislator","DominicanRep",1998,0.622239731548786,0.768710695458357
"2111","Legislator","DominicanRep",2002,0.252068428923618,1.37287132077664
"2121","Legislator","DominicanRep",2006,1.05457513644901,1.08590464118277
"2130","Legislator","DominicanRep",2010,0.359912875543959,3.36580633042708
"2137","Legislator","Ecuador",1996,0.731698876048675,3.35018603668792
"2145","Legislator","Ecuador",1998,0.907112461746822,0.434566584801344
"2159","Legislator","Ecuador",2002,0.259879686224601,1.49311233602334
"2169","Legislator","Ecuador",2007,-0.521904490559728,2.15353785208877
"2178","Legislator","Ecuador",2009,-0.662639739433348,2.02575778686539
"2185","Legislator","ElSalvador",1994,1.11525983469763,2.99668768240817
"2195","Legislator","ElSalvador",1997,1.03969252854463,0.419987470819229
"2209","Legislator","ElSalvador",2000,0.89131793190721,0.524024543605191
"2223","Legislator","ElSalvador",2003,0.62753648104774,1.30323960610007
"2234","Legislator","ElSalvador",2009,-0.417180539556562,2.23662195631698
"2243","Legislator","Guatemala",1995,1.30015685044304,0.249973107216852
"2257","Legislator","Guatemala",2000,0.924439203650246,0.762410017708998
"2268","Legislator","Guatemala",2004,0.9199826386874,0.943559636670252
"2279","Legislator","Guatemala",2008,1.13689957982557,1.04419701297977
"2288","Legislator","Guatemala",2012,0.657207752574928,2.8603784511068
"2294","Legislator","Honduras",1994,-0.0417411069189506,2.97128811948894
"2304","Legislator","Honduras",1997,1.16982136502821,0.336679223787739
"2318","Legislator","Honduras",2002,0.952997642716954,0.989492908324114
"2329","Legislator","Honduras",2006,0.581636572595609,1.23608820151744
"2338","Legislator","Honduras",2010,0.916188861293737,3.57527377484695
"2345","Legislator","Mexico",1994,0.418451272015143,2.41011011967227
"2355","Legislator","Mexico",1997,0.483689870440708,0.705859874948269
"2368","Legislator","Mexico",2000,0.564016729688275,0.60892713378864
"2382","Legislator","Mexico",2003,-0.0468399233963675,2.11264126272122
"2393","Legislator","Mexico",2006,-0.381699069767747,1.22568073779656
"2402","Legislator","Mexico",2009,-0.0610922935877569,2.08049966309843
"2408","Legislator","Nicaragua",1996,1.05016630353064,0.380483839324176
"2422","Legislator","Nicaragua",2002,0.801803429347533,2.19039005181511
"2433","Legislator","Nicaragua",2007,0.970197468768958,1.35558985214051
"2442","Legislator","Panama",1999,1.68806546690943,1.1124947712869
"2453","Legislator","Panama",2004,1.2616835366157,2.27414196333227
"2464","Legislator","Panama",2009,-0.358439532736208,2.36634496082921
"2473","Legislator","Paraguay",1993,1.16485907096877,3.58819129733061
"2483","Legislator","Paraguay",1998,1.37580449058367,0.443358325385208
"2497","Legislator","Paraguay",2003,0.33717036366369,1.9996628580842
"2508","Legislator","Paraguay",2008,1.17574449676732,1.04389283369605
"2516","Legislator","Peru",1995,1.90542103528046,1.54033430902181
"2526","Legislator","Peru",2001,0.728652793327739,0.427419104318931
"2540","Legislator","Peru",2006,0.951461967283403,2.63936151593412
"2551","Legislator","Uruguay",1995,1.16642987996251,3.13065221724345
"2560","Legislator","Uruguay",2000,1.07312264759008,0.626812956691761
"2574","Legislator","Uruguay",2005,0.471246907197115,1.92435654183568
"2585","Legislator","Uruguay",2009,-0.692729164510094,2.98505167457024
"2592","Legislator","Venezuela",1993,1.14130223924228,4.28548131445463
"2602","Legislator","Venezuela",2000,1.59498440509952,0.653917399704257
"2616","President","Argentina",1995,2.133167947184,5.8346013898765
"2631","President","Argentina",1997,2.52056678776139,5.03856170297793
"2646","President","Argentina",2003,-0.056066973054621,5.63873386278374
"2661","President","Argentina",2005,-0.826696701755517,4.66692593802053
"2676","President","Argentina",2009,0.595291101040429,6.20555428615693
"2691","President","Bolivia",1993,1.25192817670866,6.07059871311137
"2706","President","Bolivia",1997,3.4491552803827,4.35563594608449
"2721","President","Bolivia",2002,2.53583359968042,6.34660485447016
"2736","President","Bolivia",2006,-0.121804935282583,5.67601550584819
"2751","President","Brazil",2003,0.386923197947041,7.03903118026016
"2766","President","Brazil",2007,2.06300928220654,7.00796552219687
"2781","President","Brazil",2013,0.302026440844874,6.99298893574286
"2796","President","Chile",1993,2.82707743784344,4.74444002169508
"2811","President","Chile",1997,-0.0293059285457343,6.12174217725437
"2826","President","Chile",2002,2.2068773446778,4.60847156499057
"2841","President","Chile",2006,-0.229506764308118,5.61394277271831
"2856","President","Chile",2010,0.314929138016565,6.12905234995942
"2871","President","Colombia",1998,3.1684822257627,3.81094969330788
"2886","President","Colombia",2002,1.81031208168097,5.78586517617538
"2901","President","Colombia",2006,0.74852383190897,5.92504381224783
"2916","President","Colombia",2010,1.69671160083944,5.85047664596499
"2931","President","CostaRica",1994,-0.0135232505354064,5.0231174449694
"2946","President","CostaRica",1998,3.31694706267456,3.72752189846324
"2961","President","CostaRica",2002,0.0670664037045719,4.83286043767037
"2976","President","CostaRica",2006,1.84978173982958,5.0063672099642
"2991","President","CostaRica",2010,0.389036867684871,5.34698526227775
"3006","President","DominicanRep",1994,1.97982823342776,5.92243610587771
"3021","President","DominicanRep",1998,1.73812517424894,6.02567734480497
"3036","President","DominicanRep",2002,1.69446541410099,5.51287159753685
"3051","President","DominicanRep",2006,1.5460225084813,6.17638390446361
"3066","President","DominicanRep",2010,1.58355469853177,6.08840462386217
"3081","President","Ecuador",1996,1.22248940033987,5.4128024595368
"3096","President","Ecuador",1998,2.24657664680351,4.51698725199724
"3111","President","Ecuador",2002,2.05910218875608,4.72791638372183
"3126","President","Ecuador",2007,2.25433270417149,4.50723528207519
"3141","President","Ecuador",2009,0.138031796102753,4.9223159779455
"3156","President","ElSalvador",1994,1.46321864253164,5.43188695359598
"3171","President","ElSalvador",1997,2.38931095052315,4.4151750689611
"3186","President","ElSalvador",2000,0.356519513783489,5.43106944387506
"3201","President","ElSalvador",2003,3.41476879934375,3.71724681881003
"3216","President","ElSalvador",2009,0.862337692482817,5.56281383465818
"3231","President","Guatemala",1995,1.7650246329973,5.37036247063436
"3246","President","Guatemala",2000,0.0274257850249148,5.19031419875656
"3261","President","Guatemala",2004,1.43331606642776,5.58115584707609
"3276","President","Guatemala",2008,1.43760966193907,5.57339865251981
"3291","President","Guatemala",2012,1.70617817122365,5.44566424035126
"3306","President","Honduras",1994,1.55681570337635,5.86705720387799
"3321","President","Honduras",1997,1.28486411194966,5.96897182369582
"3336","President","Honduras",2002,0.988869209004835,6.1763849979989
"3351","President","Honduras",2006,-0.0473503788354256,5.69063622625941
"3366","President","Honduras",2010,1.43741890881444,5.92815246009815
"3381","President","Mexico",1994,0.491210835077825,4.5243160024233
"3396","President","Mexico",1997,2.58076475135263,2.72460712522174
"3411","President","Mexico",2000,2.28206676926812,3.00764538150572
"3426","President","Mexico",2003,2.22164752259507,2.90246580746573
"3441","President","Mexico",2006,2.00601935622318,3.22639492685978
"3456","President","Mexico",2009,1.95849945704638,3.55679036091991
"3471","President","Nicaragua",1996,2.66496153075989,5.26009553360817
"3486","President","Nicaragua",2002,1.78651265137577,3.53701061920914
"3501","President","Nicaragua",2007,1.64651027522974,6.3792767869133
"3516","President","Panama",1999,1.09239177209486,6.68007184585761
"3531","President","Panama",2004,1.80990233351209,6.28181372390136
"3546","President","Panama",2009,2.14964908599664,4.40127553578623
"3561","President","Paraguay",1993,1.87599623115639,6.76404152697
"3576","President","Paraguay",1998,2.20711146174273,6.28775347040162
"3591","President","Paraguay",2003,1.62326789368911,6.84959821846913
"3606","President","Paraguay",2008,0.783020663241187,7.01930594935701
"3621","President","Peru",1995,0.431749328610945,6.36419974472738
"3636","President","Peru",2001,1.22453079659944,6.11799519916813
"3651","President","Peru",2006,1.64607101437133,6.08970886325097
"3666","President","Uruguay",1995,0.960548822169168,6.56551556223168
"3681","President","Uruguay",2000,1.6202588854625,6.55456680998309
"3696","President","Uruguay",2005,1.53514225808895,6.62798000207521
"3711","President","Uruguay",2009,0.148408883308786,6.30759930213399
"3726","President","Venezuela",1993,1.26850894077664,7.23529130061949
"3741","President","Venezuela",2000,0.605750628195954,6.95363187056078
"3756","Senator","Argentina",1995,1.70929320339689,2.40827060675643
"3765","Senator","Argentina",1997,1.19018345762235,0.424463911412343
"3779","Senator","Argentina",2003,0.477242858556924,1.23120096482988
"3790","Senator","Argentina",2005,0.0868726332997811,3.32327548246208
"3799","Senator","Argentina",2009,-0.744341216878267,2.31718460314757
"3805","Senator","Bolivia",1993,1.81848918026297,0.43177389188855
"3815","Senator","Bolivia",1997,0.833009174128997,0.444909532471415
"3829","Senator","Bolivia",2002,0.298617604427017,1.92867413966065
"3840","Senator","Bolivia",2006,0.293602211612609,1.94341616855215
"3849","Senator","Brazil",2003,0.586764318267806,0.953626770962133
"3860","Senator","Brazil",2007,1.17953375787868,2.44852072109973
"3867","Senator","Brazil",2013,2.2231158660131,0.711801045030755
"3874","Senator","Chile",1993,2.1594068737503,0.984772240346699
"3884","Senator","Chile",1997,1.28845568401484,0.283531599405349
"3898","Senator","Chile",2002,1.02411040020874,0.732757869491029
"3909","Senator","Chile",2006,1.04739755626733,2.02642004394124
"3918","Senator","Chile",2010,0.86684383436608,3.07461354037718
"3925","Senator","Colombia",1998,0.869161337439157,0.982557189286577
"3939","Senator","Colombia",2002,-0.0731623149116087,2.15373341009783
"3950","Senator","Colombia",2006,0.528229621652606,1.94340018275632
"3958","Senator","Colombia",2010,-0.0415136076250328,4.7156871464977
"3965","Senator","DominicanRep",1994,0.396367758182312,3.08185833644414
"3973","Senator","DominicanRep",1998,0.584416017640337,0.791377067803254
"3987","Senator","DominicanRep",2002,0.0184194647369846,1.32956197511644
"3997","Senator","DominicanRep",2006,1.01640182574372,1.14987705517879
"4006","Senator","DominicanRep",2010,0.30951662140815,3.45936687058082
"4013","Senator","Mexico",1994,0.436596153150757,2.34569425921989
"4023","Senator","Mexico",1997,0.584208857481623,0.640884307795633
"4036","Senator","Mexico",2000,0.503481270466532,0.641468159227669
"4050","Senator","Mexico",2003,-0.0143731563535224,2.09499006859021
"4061","Senator","Mexico",2006,-0.1847734240315,1.19641725590953
"4070","Senator","Mexico",2009,0.159712039657092,2.19219905957219
"4076","Senator","Paraguay",1993,1.18743094961437,3.57908544395487
"4086","Senator","Paraguay",1998,1.36817871195987,0.450593647001444
"4100","Senator","Paraguay",2003,0.399312550178201,1.98211512522886
"4111","Senator","Paraguay",2008,1.22008198938063,0.969541786652776
"4119","Senator","Uruguay",1995,1.1951918207496,3.14851167986261
"4128","Senator","Uruguay",2000,1.10424211843688,0.607526300893203
"4142","Senator","Uruguay",2005,0.385713251069917,1.9012532981355
"4153","Senator","Uruguay",2009,-0.670422008104722,2.9817765164305
"541","Policy","Argentina",1985,0.743046193858628,1
"54210","Policy","Argentina",1986,0.711132944666137,1
"543","Policy","Argentina",1987,0.786033371640596,1
"5441","Policy","Argentina",1988,0.783575155347753,1
"545","Policy","Argentina",1989,0.883886910350232,1
"61000","Policy","Argentina",1990,0.979731838738602,1
"71000","Policy","Argentina",1991,1.04336119797657,1
"8","Policy","Argentina",1992,1.05519852994474,1
"9102","Policy","Argentina",1993,1.11330160176309,1
"10","Policy","Argentina",1994,1.11053401420367,1
"11100","Policy","Argentina",1995,1.13018332527363,1
"12100","Policy","Argentina",1996,1.13029229501696,1
"13100","Policy","Argentina",1997,1.1290918158533,1
"14100","Policy","Argentina",1998,2.22879205465898,1
"15","Policy","Argentina",1999,2.23358940106622,1
"16100","Policy","Argentina",2000,2.23482292179369,1
"17","Policy","Argentina",2001,1.93358154495123,1
"18100","Policy","Argentina",2002,1.89612845904337,1
"19","Policy","Argentina",2003,1.93367324663883,1
"20","Policy","Argentina",2004,1.9400439977191,1
"21100","Policy","Argentina",2005,1.81897129103665,1
"22100","Policy","Argentina",2006,1.81725002073433,1
"23100","Policy","Argentina",2007,1.81569466013362,1
"24100","Policy","Argentina",2008,1.84378753445378,1
"25100","Policy","Argentina",2009,1.81743054871152,1
"26","Policy","Argentina",2010,1.0655249221142,1
"27100","Policy","Argentina",2011,1.14564455076468,1
"28","Policy","Argentina",2012,1.14600418620989,1
"29100","Policy","Argentina",2013,1.06381219161513,1
"30100","Policy","Argentina",2014,0.974023071676391,1
"31100","Policy","Bolivia",1985,0.487352046856541,1
"32100","Policy","Bolivia",1986,0.633911407507076,1
"33","Policy","Bolivia",1987,1.00368336308498,1
"34100","Policy","Bolivia",1988,1.28692754441368,1
"351","Policy","Bolivia",1989,1.2585244081302,1
"36100","Policy","Bolivia",1990,0.997945939977515,1
"37","Policy","Bolivia",1991,1.21277624751351,1
"385","Policy","Bolivia",1992,1.20611734906011,1
"39100","Policy","Bolivia",1993,1.26260349229439,1
"40100","Policy","Bolivia",1994,1.29793488685533,1
"41100","Policy","Bolivia",1995,1.24816848423794,1
"42100","Policy","Bolivia",1996,1.2491129417713,1
"43100","Policy","Bolivia",1997,1.35194489245166,1
"448","Policy","Bolivia",1998,2.1790667123805,1
"45100","Policy","Bolivia",1999,2.16864530606712,1
"466","Policy","Bolivia",2000,2.1217931552896,1
"47100","Policy","Bolivia",2001,2.12580430282644,1
"48100","Policy","Bolivia",2002,2.06117415231187,1
"49100","Policy","Bolivia",2003,2.07992373768415,1
"50100","Policy","Bolivia",2004,2.06666445098648,1
"51","Policy","Bolivia",2005,2.1071223576366,1
"52100","Policy","Bolivia",2006,2.06865522318287,1
"53","Policy","Bolivia",2007,2.06862260935123,1
"54100","Policy","Bolivia",2008,2.06482758212446,1
"55","Policy","Bolivia",2009,1.87610856915854,1
"59610","Policy","Bolivia",2010,1.30891757451156,1
"597","Policy","Bolivia",2011,1.31189438684999,1
"598","Policy","Bolivia",2012,1.30389868361327,1
"599","Policy","Bolivia",2013,1.23895472727208,1
"6001","Policy","Bolivia",2014,1.27483514462174,1
"61100","Policy","Brazil",1985,0.60608384530266,1
"62","Policy","Brazil",1986,0.605830492092011,1
"63100","Policy","Brazil",1987,0.636405525352036,1
"64","Policy","Brazil",1988,0.658846249544813,1
"65100","Policy","Brazil",1989,1.03177306717153,1
"66100","Policy","Brazil",1990,1.05556392644264,1
"67100","Policy","Brazil",1991,1.0550070773177,1
"68100","Policy","Brazil",1992,1.06918482159446,1
"69","Policy","Brazil",1993,1.15956911140698,1
"70100","Policy","Brazil",1994,1.17510731111346,1
"71","Policy","Brazil",1995,1.16798700691088,1
"72100","Policy","Brazil",1996,1.18082916401207,1
"73","Policy","Brazil",1997,1.22394052386035,1
"741","Policy","Brazil",1998,1.22537467427839,1
"75100","Policy","Brazil",1999,1.20287005222919,1
"76100","Policy","Brazil",2000,1.21043128309165,1
"77100","Policy","Brazil",2001,1.21538352789354,1
"78100","Policy","Brazil",2002,1.15097506483691,1
"79100","Policy","Brazil",2003,2.24267681980029,1
"801","Policy","Brazil",2004,2.24253148519736,1
"81100","Policy","Brazil",2005,2.24201087349088,1
"82","Policy","Brazil",2006,2.2420925394364,1
"83100","Policy","Brazil",2007,2.24370314927653,1
"84100","Policy","Brazil",2008,2.29941734910047,1
"85100","Policy","Brazil",2009,2.30373539547244,1
"8643","Policy","Brazil",2010,1.42722155745271,1
"8710","Policy","Brazil",2011,1.42594854333215,1
"8811","Policy","Brazil",2012,1.61882897429806,1
"89","Policy","Brazil",2013,1.42461820963727,1
"9010","Policy","Brazil",2014,1.610853789848,1
"91","Policy","Chile",1985,0.951971870478125,1
"92","Policy","Chile",1986,1.10324874146256,1
"9327","Policy","Chile",1987,1.10459416971447,1
"9428","Policy","Chile",1988,1.13691514478229,1
"9510","Policy","Chile",1989,1.13848554241037,1
"9610","Policy","Chile",1990,1.13258424047411,1
"97100","Policy","Chile",1991,1.11918538874717,1
"98","Policy","Chile",1992,1.11307143411903,1
"99100","Policy","Chile",1993,1.1120730049088,1
"100","Policy","Chile",1994,1.11191509005961,1
"101100","Policy","Chile",1995,1.12798566288902,1
"102100","Policy","Chile",1996,1.13022015737767,1
"103100","Policy","Chile",1997,1.88229439533966,1
"104100","Policy","Chile",1998,1.88512480655923,1
"105","Policy","Chile",1999,1.93902074213076,1
"106100","Policy","Chile",2000,1.92895446189805,1
"107","Policy","Chile",2001,2.28463154385583,1
"10810","Policy","Chile",2002,2.28124268966297,1
"109","Policy","Chile",2003,2.1946602298509,1
"11010","Policy","Chile",2004,2.19038536410451,1
"111","Policy","Chile",2005,2.19330516157639,1
"11210","Policy","Chile",2006,2.19487539156998,1
"11310","Policy","Chile",2007,2.1885259588228,1
"11410","Policy","Chile",2008,2.19293858118096,1
"11510","Policy","Chile",2009,2.19107409557463,1
"116","Policy","Chile",2010,2.01876773639084,1
"11710","Policy","Chile",2011,1.52490982661271,1
"118","Policy","Chile",2012,1.51626065782396,1
"11910","Policy","Chile",2013,1.59288615361425,1
"120","Policy","Chile",2014,1.39730703789423,1
"1211","Policy","Colombia",1985,-0.0201190343359394,1
"12210","Policy","Colombia",1986,0.154418305364148,1
"12310","Policy","Colombia",1987,0.152566647468246,1
"12410","Policy","Colombia",1988,0.153480475203155,1
"12510","Policy","Colombia",1989,0.225142703953797,1
"12610","Policy","Colombia",1990,0.388895654925553,1
"127","Policy","Colombia",1991,0.869549337373987,1
"12810","Policy","Colombia",1992,0.732408279525138,1
"129","Policy","Colombia",1993,0.724793104290584,1
"13010","Policy","Colombia",1994,0.791701123592204,1
"13110","Policy","Colombia",1995,0.837096060293545,1
"13210","Policy","Colombia",1996,0.965976622239185,1
"13310","Policy","Colombia",1997,0.963313370828571,1
"134","Policy","Colombia",1998,0.908207504217829,1
"13510","Policy","Colombia",1999,0.903859254826399,1
"136","Policy","Colombia",2000,0.905284678138006,1
"13710","Policy","Colombia",2001,0.902810851836557,1
"1381","Policy","Colombia",2002,0.903575554575811,1
"139","Policy","Colombia",2003,1.12800429906013,1
"14010","Policy","Colombia",2004,1.1228153353326,1
"14110","Policy","Colombia",2005,0.961035196399039,1
"14210","Policy","Colombia",2006,1.01787025529652,1
"14310","Policy","Colombia",2007,0.995963507127371,1
"14410","Policy","Colombia",2008,1.55341870589379,1
"145","Policy","Colombia",2009,1.24584988691123,1
"14610","Policy","Colombia",2010,1.54381240843086,1
"1471","Policy","Colombia",2011,1.71603889592859,1
"14810","Policy","Colombia",2012,1.72392300609612,1
"14910","Policy","Colombia",2013,1.72031703872028,1
"15010","Policy","Colombia",2014,1.78774880509328,1
"691","Policy","CostaRica",1985,0.0545369757042887,1
"692","Policy","CostaRica",1986,0.402163677023466,1
"15310","Policy","CostaRica",1987,0.624273589095075,1
"154","Policy","CostaRica",1988,0.705855134642864,1
"15510","Policy","CostaRica",1989,0.625660008395383,1
"156","Policy","CostaRica",1990,0.621662070217317,1
"157","Policy","CostaRica",1991,0.623879868943316,1
"15810","Policy","CostaRica",1992,0.703957643386786,1
"15910","Policy","CostaRica",1993,0.626880369925311,1
"16010","Policy","CostaRica",1994,0.756254850971257,1
"16110","Policy","CostaRica",1995,0.755844149757772,1
"16210","Policy","CostaRica",1996,0.47015417187311,1
"163","Policy","CostaRica",1997,0.983407989630748,1
"16410","Policy","CostaRica",1998,1.1142448558111,1
"165","Policy","CostaRica",1999,1.20774784211202,1
"16610","Policy","CostaRica",2000,1.47419911975027,1
"16710","Policy","CostaRica",2001,1.47267597762196,1
"16810","Policy","CostaRica",2002,1.47586411389467,1
"16910","Policy","CostaRica",2003,1.47269436429194,1
"170","Policy","CostaRica",2004,1.47060415011307,1
"17110","Policy","CostaRica",2005,1.35863750244156,1
"172","Policy","CostaRica",2006,1.36216771838116,1
"17310","Policy","CostaRica",2007,1.35925054519211,1
"174","Policy","CostaRica",2008,1.36476059943584,1
"175","Policy","CostaRica",2009,1.35908205290557,1
"17610","Policy","CostaRica",2010,1.65682756958062,1
"17710","Policy","CostaRica",2011,1.65289448475242,1
"17810","Policy","CostaRica",2012,1.64675777404167,1
"17910","Policy","CostaRica",2013,1.64902470072868,1
"18010","Policy","CostaRica",2014,1.85162803819438,1
"451","Policy","DominicanRep",1985,0.583364698916316,1
"45210","Policy","DominicanRep",1986,0.582753699989325,1
"453","Policy","DominicanRep",1987,0.581260687877438,1
"454","Policy","DominicanRep",1988,0.582294916820511,1
"455","Policy","DominicanRep",1989,0.47713967295287,1
"4561","Policy","DominicanRep",1990,0.487251340769809,1
"457","Policy","DominicanRep",1991,0.615525926765608,1
"4581","Policy","DominicanRep",1992,0.86432198025712,1
"459","Policy","DominicanRep",1993,0.958767795130818,1
"460","Policy","DominicanRep",1994,1.121979027426,1
"461","Policy","DominicanRep",1995,1.16439155286044,1
"462","Policy","DominicanRep",1996,1.21765914418317,1
"463","Policy","DominicanRep",1997,1.21792022297077,1
"464","Policy","DominicanRep",1998,1.21823966039229,1
"465","Policy","DominicanRep",1999,1.26091148126505,1
"46610","Policy","DominicanRep",2000,1.26164084605465,1
"467","Policy","DominicanRep",2001,1.30793451040017,1
"46810","Policy","DominicanRep",2002,1.27528926861116,1
"4691","Policy","DominicanRep",2003,1.14951032316323,1
"47010","Policy","DominicanRep",2004,1.15038361178561,1
"471","Policy","DominicanRep",2005,1.48849776361739,1
"472","Policy","DominicanRep",2006,1.38559362616477,1
"473","Policy","DominicanRep",2007,1.48840865483125,1
"474","Policy","DominicanRep",2008,1.49041919430768,1
"475","Policy","DominicanRep",2009,1.49051855606818,1
"476","Policy","DominicanRep",2010,1.64399565793792,1
"477","Policy","DominicanRep",2011,1.40072473734664,1
"478","Policy","DominicanRep",2012,1.49888939376806,1
"479","Policy","DominicanRep",2013,1.35141844355965,1
"480","Policy","DominicanRep",2014,1.40209690237103,1
"72110","Policy","Ecuador",1985,0.243651094512348,1
"72210","Policy","Ecuador",1986,0.211886906384891,1
"7231","Policy","Ecuador",1987,0.210824671352108,1
"18410","Policy","Ecuador",1988,0.433529456564691,1
"18510","Policy","Ecuador",1989,0.32380361077326,1
"18610","Policy","Ecuador",1990,0.72373143687162,1
"18710","Policy","Ecuador",1991,0.566361789564251,1
"188","Policy","Ecuador",1992,0.848886759744652,1
"18910","Policy","Ecuador",1993,0.9455068061873,1
"190","Policy","Ecuador",1994,0.989147617461928,1
"19110","Policy","Ecuador",1995,1.12639859804845,1
"192","Policy","Ecuador",1996,1.12665227473833,1
"1931","Policy","Ecuador",1997,1.12709059442089,1
"19410","Policy","Ecuador",1998,1.1701937900275,1
"19510","Policy","Ecuador",1999,1.03630873440889,1
"19610","Policy","Ecuador",2000,0.953467257194233,1
"19710","Policy","Ecuador",2001,1.0985759029204,1
"19810","Policy","Ecuador",2002,1.06298173167219,1
"199","Policy","Ecuador",2003,1.06507780002467,1
"20010","Policy","Ecuador",2004,1.52864076549038,1
"201","Policy","Ecuador",2005,1.51693142733043,1
"20210","Policy","Ecuador",2006,1.51821114514938,1
"20310","Policy","Ecuador",2007,1.47407882212155,1
"20410","Policy","Ecuador",2008,1.51577103812725,1
"20510","Policy","Ecuador",2009,1.42276736230544,1
"206","Policy","Ecuador",2010,1.58260349891662,1
"20710","Policy","Ecuador",2011,1.13726624115133,1
"208","Policy","Ecuador",2012,1.13721372411569,1
"20910","Policy","Ecuador",2013,1.05397061183893,1
"210","Policy","Ecuador",2014,1.10221614916506,1
"2112","Policy","ElSalvador",1985,0.58779339531541,1
"21210","Policy","ElSalvador",1986,0.457739356253048,1
"21310","Policy","ElSalvador",1987,0.515260705716847,1
"21410","Policy","ElSalvador",1988,0.471592868840367,1
"21510","Policy","ElSalvador",1989,0.562457651679197,1
"21610","Policy","ElSalvador",1990,0.670605713919342,1
"217","Policy","ElSalvador",1991,0.668619283134606,1
"21810","Policy","ElSalvador",1992,0.780025504097316,1
"219","Policy","ElSalvador",1993,0.933973627676159,1
"22010","Policy","ElSalvador",1994,1.08158529033364,1
"22110","Policy","ElSalvador",1995,1.05382623389485,1
"22210","Policy","ElSalvador",1996,1.37305835018,1
"22310","Policy","ElSalvador",1997,1.33556114058114,1
"2241","Policy","ElSalvador",1998,1.39698975671962,1
"22510","Policy","ElSalvador",1999,1.35865419554077,1
"226","Policy","ElSalvador",2000,1.41970507739133,1
"22710","Policy","ElSalvador",2001,1.40324967169068,1
"228","Policy","ElSalvador",2002,1.40052267032526,1
"229","Policy","ElSalvador",2003,1.40343420316437,1
"23010","Policy","ElSalvador",2004,1.42165270145468,1
"23110","Policy","ElSalvador",2005,2.28123283781291,1
"23210","Policy","ElSalvador",2006,2.28127751849811,1
"23310","Policy","ElSalvador",2007,2.29640493717313,1
"23410","Policy","ElSalvador",2008,2.2831162127009,1
"235","Policy","ElSalvador",2009,2.28126764829102,1
"776","Policy","ElSalvador",2010,1.64816108031685,1
"777","Policy","ElSalvador",2011,1.64878142275132,1
"7781","Policy","ElSalvador",2012,1.5107886823846,1
"779","Policy","ElSalvador",2013,1.48328699105568,1
"780","Policy","ElSalvador",2014,1.45001544591369,1
"24110","Policy","Guatemala",1985,0.359474151669774,1
"242","Policy","Guatemala",1986,0.35883748922349,1
"24310","Policy","Guatemala",1987,0.479360437453818,1
"2441","Policy","Guatemala",1988,0.607023283321401,1
"24510","Policy","Guatemala",1989,0.770901646427824,1
"246","Policy","Guatemala",1990,0.876374494824251,1
"247","Policy","Guatemala",1991,0.87707197292377,1
"24810","Policy","Guatemala",1992,0.877968592976003,1
"24910","Policy","Guatemala",1993,0.912248932863839,1
"25010","Policy","Guatemala",1994,1.51011200012573,1
"25110","Policy","Guatemala",1995,1.50796952950041,1
"25210","Policy","Guatemala",1996,1.56594962906008,1
"253","Policy","Guatemala",1997,1.43070540459137,1
"25410","Policy","Guatemala",1998,1.48511322874909,1
"255","Policy","Guatemala",1999,1.52599415672981,1
"25610","Policy","Guatemala",2000,1.5273371675417,1
"25710","Policy","Guatemala",2001,1.49046377461008,1
"25810","Policy","Guatemala",2002,1.48901947022429,1
"25910","Policy","Guatemala",2003,1.44623368933139,1
"260","Policy","Guatemala",2004,1.37808057397603,1
"26110","Policy","Guatemala",2005,1.37839886687258,1
"262","Policy","Guatemala",2006,1.3751453007926,1
"26310","Policy","Guatemala",2007,2.49548998181326,1
"264","Policy","Guatemala",2008,2.50154175751697,1
"265","Policy","Guatemala",2009,2.48203463930283,1
"8061","Policy","Guatemala",2010,1.51323111849642,1
"807","Policy","Guatemala",2011,1.43116970697862,1
"808","Policy","Guatemala",2012,1.42084160388422,1
"809","Policy","Guatemala",2013,1.84641035174104,1
"810","Policy","Guatemala",2014,1.96250035365137,1
"271","Policy","Honduras",1985,0.679630749734415,1
"27210","Policy","Honduras",1986,0.716691195533625,1
"273","Policy","Honduras",1987,0.720002763536783,1
"27410","Policy","Honduras",1988,0.719353611425303,1
"27510","Policy","Honduras",1989,0.635432501699725,1
"27610","Policy","Honduras",1990,0.864828189822718,1
"27710","Policy","Honduras",1991,0.780431087074911,1
"278","Policy","Honduras",1992,0.971676179642819,1
"27910","Policy","Honduras",1993,1.08240649896167,1
"2801","Policy","Honduras",1994,1.14802625735593,1
"28110","Policy","Honduras",1995,1.45301655510346,1
"282","Policy","Honduras",1996,1.16123584074226,1
"283","Policy","Honduras",1997,1.00956282322101,1
"28410","Policy","Honduras",1998,1.15528170627608,1
"28510","Policy","Honduras",1999,1.25544213351933,1
"28610","Policy","Honduras",2000,1.36226156791798,1
"28710","Policy","Honduras",2001,1.36311775216028,1
"28810","Policy","Honduras",2002,1.25299705857581,1
"289","Policy","Honduras",2003,1.3591772475583,1
"29010","Policy","Honduras",2004,1.25010810489324,1
"291","Policy","Honduras",2005,1.20923042255286,1
"29210","Policy","Honduras",2006,1.20925766816194,1
"29310","Policy","Honduras",2007,1.3231160854953,1
"29410","Policy","Honduras",2008,1.56743715140546,1
"29510","Policy","Honduras",2009,2.59672817798932,1
"8361","Policy","Honduras",2010,1.34223147269164,1
"83710","Policy","Honduras",2011,1.21734677980016,1
"838","Policy","Honduras",2012,1.06790167872969,1
"83910","Policy","Honduras",2013,1.47529718597566,1
"840","Policy","Honduras",2014,1.06474692457574,1
"301","Policy","Mexico",1985,0.657149081198745,1
"30210","Policy","Mexico",1986,0.656128371419289,1
"30310","Policy","Mexico",1987,0.773953098081357,1
"30410","Policy","Mexico",1988,0.731377734296621,1
"30510","Policy","Mexico",1989,1.05138053511131,1
"30610","Policy","Mexico",1990,1.12256277457473,1
"307","Policy","Mexico",1991,1.10808490779669,1
"30810","Policy","Mexico",1992,1.13821352272426,1
"309","Policy","Mexico",1993,1.5703551580829,1
"31010","Policy","Mexico",1994,1.57036872054523,1
"31110","Policy","Mexico",1995,1.37167295204172,1
"31210","Policy","Mexico",1996,1.27515239181245,1
"31310","Policy","Mexico",1997,1.45307619200414,1
"3142","Policy","Mexico",1998,1.4554886128439,1
"31510","Policy","Mexico",1999,1.45322819132621,1
"316","Policy","Mexico",2000,1.37475130687261,1
"31710","Policy","Mexico",2001,1.37451416666158,1
"318","Policy","Mexico",2002,0.96369426263764,1
"319","Policy","Mexico",2003,1.00413676421531,1
"320","Policy","Mexico",2004,1.32656999092984,1
"321","Policy","Mexico",2005,1.3294494269855,1
"322","Policy","Mexico",2006,1.35136562022462,1
"3232","Policy","Mexico",2007,1.36469191088815,1
"324","Policy","Mexico",2008,1.29149844879887,1
"325","Policy","Mexico",2009,1.29624510926212,1
"866","Policy","Mexico",2010,1.5591440200465,1
"867","Policy","Mexico",2011,1.5855610140371,1
"868","Policy","Mexico",2012,1.56151632115883,1
"869","Policy","Mexico",2013,1.53998432200473,1
"870","Policy","Mexico",2014,1.55365730885907,1
"33110","Policy","Nicaragua",1985,-0.171552470776823,1
"332","Policy","Nicaragua",1986,0.0537681081228609,1
"33310","Policy","Nicaragua",1987,0.151172118643357,1
"3341","Policy","Nicaragua",1988,0.153672410021938,1
"335","Policy","Nicaragua",1989,0.216471680967783,1
"336","Policy","Nicaragua",1990,0.564751575574249,1
"337","Policy","Nicaragua",1991,0.0825955164157064,1
"338","Policy","Nicaragua",1992,0.317219801413282,1
"3391","Policy","Nicaragua",1993,0.633614825420614,1
"340","Policy","Nicaragua",1994,0.677444059846288,1
"341","Policy","Nicaragua",1995,0.825683492067525,1
"342","Policy","Nicaragua",1996,1.49295282116386,1
"343","Policy","Nicaragua",1997,1.5721586481269,1
"3442","Policy","Nicaragua",1998,1.51887198650992,1
"345","Policy","Nicaragua",1999,1.38931573704595,1
"346","Policy","Nicaragua",2000,1.56572836021258,1
"34710","Policy","Nicaragua",2001,1.46401914515613,1
"348","Policy","Nicaragua",2002,1.46164935859061,1
"34910","Policy","Nicaragua",2003,1.4318708814229,1
"350","Policy","Nicaragua",2004,1.46093814892324,1
"35110","Policy","Nicaragua",2005,1.45982428397902,1
"352","Policy","Nicaragua",2006,1.38616073528629,1
"3532","Policy","Nicaragua",2007,2.45792279204341,1
"354","Policy","Nicaragua",2008,2.45681325590324,1
"3551","Policy","Nicaragua",2009,2.43410554222342,1
"896","Policy","Nicaragua",2010,1.75791207109414,1
"897","Policy","Nicaragua",2011,1.61491342670682,1
"898","Policy","Nicaragua",2012,1.61732000710355,1
"899","Policy","Nicaragua",2013,1.61515800040669,1
"9001","Policy","Nicaragua",2014,1.76779240118537,1
"25211","Policy","Panama",1985,0.945249734521028,1
"2522","Policy","Panama",1986,0.943738098708416,1
"2523","Policy","Panama",1987,0.948570125817115,1
"2524","Policy","Panama",1988,0.942373228545808,1
"2525","Policy","Panama",1989,0.95603953316532,1
"25261","Policy","Panama",1990,0.938471898715599,1
"2527","Policy","Panama",1991,0.949747614554906,1
"2528","Policy","Panama",1992,0.945184904911314,1
"25291","Policy","Panama",1993,0.945034405642353,1
"25301","Policy","Panama",1994,1.33590973186104,1
"2531","Policy","Panama",1995,1.34056421748821,1
"2532","Policy","Panama",1996,1.34397835834778,1
"2533","Policy","Panama",1997,0.792235801024166,1
"374","Policy","Panama",1998,1.41449803881911,1
"375","Policy","Panama",1999,1.29587910794771,1
"376","Policy","Panama",2000,1.09839467511355,1
"377","Policy","Panama",2001,1.19646097345493,1
"378","Policy","Panama",2002,1.33215717998424,1
"379","Policy","Panama",2003,1.19193945530945,1
"380","Policy","Panama",2004,1.19315751094635,1
"381","Policy","Panama",2005,1.18955980326024,1
"382","Policy","Panama",2006,1.15234063727576,1
"38310","Policy","Panama",2007,1.34765371099563,1
"384","Policy","Panama",2008,1.18867352312821,1
"38510","Policy","Panama",2009,0.981717302885388,1
"386","Policy","Panama",2010,1.20031388410021,1
"38710","Policy","Panama",2011,1.73306652363905,1
"388","Policy","Panama",2012,1.6897924708369,1
"3891","Policy","Panama",2013,1.73222904677494,1
"390","Policy","Panama",2014,1.03544328486385,1
"391","Policy","Paraguay",1985,0.621930684806176,1
"392","Policy","Paraguay",1986,0.67733996488424,1
"393","Policy","Paraguay",1987,0.656455709134662,1
"394","Policy","Paraguay",1988,0.616487077828844,1
"395","Policy","Paraguay",1989,0.595630227041553,1
"396","Policy","Paraguay",1990,0.738635987057785,1
"397","Policy","Paraguay",1991,0.820849436629979,1
"398","Policy","Paraguay",1992,1.20139145467283,1
"3991","Policy","Paraguay",1993,1.21575251108114,1
"400","Policy","Paraguay",1994,1.21518816218023,1
"40110","Policy","Paraguay",1995,1.13679397275955,1
"40210","Policy","Paraguay",1996,1.13658930751195,1
"40310","Policy","Paraguay",1997,1.13482971220267,1
"40410","Policy","Paraguay",1998,1.53608694239157,1
"40510","Policy","Paraguay",1999,1.53333862267909,1
"406","Policy","Paraguay",2000,1.53331044277141,1
"407","Policy","Paraguay",2001,1.53267288767408,1
"4081","Policy","Paraguay",2002,1.53663716630469,1
"409","Policy","Paraguay",2003,1.52213820001212,1
"410","Policy","Paraguay",2004,1.52473846528727,1
"4112","Policy","Paraguay",2005,1.64853001034363,1
"412","Policy","Paraguay",2006,1.92736158995301,1
"4131","Policy","Paraguay",2007,1.77016354255548,1
"414","Policy","Paraguay",2008,1.75744338161001,1
"415","Policy","Paraguay",2009,1.76041549835262,1
"956","Policy","Paraguay",2010,1.2005541076655,1
"957","Policy","Paraguay",2011,1.19989508544676,1
"958","Policy","Paraguay",2012,1.27682207927352,1
"959","Policy","Paraguay",2013,1.27895462039796,1
"960","Policy","Paraguay",2014,1.50393014817006,1
"9611","Policy","Peru",1985,-0.539928759019231,1
"962","Policy","Peru",1986,-0.539215337965528,1
"9634","Policy","Peru",1987,-0.45964803282393,1
"964","Policy","Peru",1988,-0.463797260731008,1
"9651","Policy","Peru",1989,-0.464403389577788,1
"966","Policy","Peru",1990,0.135762997812523,1
"96710","Policy","Peru",1991,0.215608299707816,1
"968","Policy","Peru",1992,1.03728713279621,1
"429","Policy","Peru",1993,1.09890212851046,1
"43010","Policy","Peru",1994,1.1234664632778,1
"431","Policy","Peru",1995,1.12293369087294,1
"43210","Policy","Peru",1996,1.12305171041644,1
"433","Policy","Peru",1997,1.05604048075946,1
"43410","Policy","Peru",1998,1.10557818126752,1
"435","Policy","Peru",1999,1.10687530063511,1
"436","Policy","Peru",2000,1.10687289576064,1
"4371","Policy","Peru",2001,2.00260489709951,1
"438","Policy","Peru",2002,1.94915166104655,1
"439","Policy","Peru",2003,2.2001985331398,1
"440","Policy","Peru",2004,1.86527472323822,1
"441","Policy","Peru",2005,1.89337320340612,1
"4421","Policy","Peru",2006,1.92860311183635,1
"443","Policy","Peru",2007,1.92932324944651,1
"444","Policy","Peru",2008,1.92925758862534,1
"445","Policy","Peru",2009,2.00756224245605,1
"446","Policy","Peru",2010,1.37952479286228,1
"4471","Policy","Peru",2011,1.34251991591867,1
"44810","Policy","Peru",2012,1.33821892018678,1
"449","Policy","Peru",2013,1.69351540294497,1
"45010","Policy","Peru",2014,1.69283127859989,1
"481","Policy","Uruguay",1985,1.22352800832701,1
"482","Policy","Uruguay",1986,1.52747222384277,1
"483","Policy","Uruguay",1987,1.68165007165042,1
"48410","Policy","Uruguay",1988,1.68434052859909,1
"485","Policy","Uruguay",1989,1.68122179823275,1
"48610","Policy","Uruguay",1990,1.75601587452341,1
"487","Policy","Uruguay",1991,1.75765757948487,1
"48810","Policy","Uruguay",1992,1.74006051365612,1
"489","Policy","Uruguay",1993,1.49481267129045,1
"490","Policy","Uruguay",1994,1.5783449008382,1
"491","Policy","Uruguay",1995,1.28850371199555,1
"492","Policy","Uruguay",1996,1.5765226362214,1
"493","Policy","Uruguay",1997,1.57603561364733,1
"494","Policy","Uruguay",1998,1.57593072384312,1
"495","Policy","Uruguay",1999,1.57471515668775,1
"496","Policy","Uruguay",2000,1.62725478523622,1
"4971","Policy","Uruguay",2001,1.57618467658272,1
"498","Policy","Uruguay",2002,1.59319998022296,1
"499","Policy","Uruguay",2003,1.39716515760481,1
"500","Policy","Uruguay",2004,1.39673127860504,1
"501","Policy","Uruguay",2005,1.3938622279562,1
"50210","Policy","Uruguay",2006,1.39734355254515,1
"503","Policy","Uruguay",2007,1.20099031601176,1
"50410","Policy","Uruguay",2008,1.20211907505387,1
"505","Policy","Uruguay",2009,1.20134485090857,1
"50610","Policy","Uruguay",2010,1.26242707358849,1
"5071","Policy","Uruguay",2011,1.26155453289311,1
"508","Policy","Uruguay",2012,1.28894714198128,1
"509","Policy","Uruguay",2013,1.22531567140957,1
"510","Policy","Uruguay",2014,1.16219119335375,1
"511","Policy","Venezuela",1985,0.760628504284423,1
"512","Policy","Venezuela",1986,0.760751441799787,1
"513","Policy","Venezuela",1987,0.759755628658709,1
"514","Policy","Venezuela",1988,0.760111645119179,1
"515","Policy","Venezuela",1989,0.789281969423345,1
"516","Policy","Venezuela",1990,1.04744128218716,1
"5171","Policy","Venezuela",1991,0.884740342092475,1
"518","Policy","Venezuela",1992,0.892377625167252,1
"519","Policy","Venezuela",1993,1.12786254024975,1
"52010","Policy","Venezuela",1994,0.846476320296664,1
"521","Policy","Venezuela",1995,1.14789379677727,1
"52210","Policy","Venezuela",1996,1.26793483086897,1
"523","Policy","Venezuela",1997,1.44884077710866,1
"52410","Policy","Venezuela",1998,1.26359822658861,1
"5251","Policy","Venezuela",1999,1.22918907269997,1
"526","Policy","Venezuela",2000,1.23238590805634,1
"5271","Policy","Venezuela",2001,1.26658098541821,1
"528","Policy","Venezuela",2002,0.914961563197047,1
"529","Policy","Venezuela",2003,1.13403323146148,1
"530","Policy","Venezuela",2004,1.13468084479238,1
"5311","Policy","Venezuela",2005,1.13658467493631,1
"532","Policy","Venezuela",2006,1.12236510235558,1
"533","Policy","Venezuela",2007,1.03060424375813,1
"534","Policy","Venezuela",2008,1.08895657698498,1
"535","Policy","Venezuela",2009,1.08686912882575,1
"536","Policy","Venezuela",2010,1.21644568326324,1
"537","Policy","Venezuela",2011,1.22158967892147,1
"53810","Policy","Venezuela",2012,1.21541098158285,1
"539","Policy","Venezuela",2013,0.98218232530069,1
"54010","Policy","Venezuela",2014,1.1104884012903,1
