"country","year","policy.index","policy.index.unconstrained","policy.index.unconstrained.no.vat"
"Argentina",1985,-1.474505,-1.104915,-1.60383
"Argentina",1986,-1.734395,-1.20192,-1.589105
"Argentina",1987,-1.39516,-0.8961275,-1.304595
"Argentina",1988,-1.42373,-0.8991535,-1.30516
"Argentina",1989,-1.262735,-0.842138,-1.192455
"Argentina",1990,-0.718528,-0.267393,-0.4237725
"Argentina",1991,-0.178367,0.179623,-0.18241
"Argentina",1992,-0.325519,0.04709225,-0.351917
"Argentina",1993,0.3110895,0.6027285,0.280254
"Argentina",1994,0.31563,0.5752065,0.3012495
"Argentina",1995,0.31615,0.5794845,0.277796
"Argentina",1996,0.354071,0.6332015,0.3549685
"Argentina",1997,0.3746325,0.672155,0.3319335
"Argentina",1998,0.50819,0.8196305,0.4909895
"Argentina",1999,0.523936,0.843168,0.473625
"Argentina",2000,0.5288655,0.8362795,0.4845855
"Argentina",2001,0.3617095,0.889463,0.2972675
"Argentina",2002,0.2814965,0.8080405,0.224035
"Argentina",2003,0.4632945,0.9230225,0.4281865
"Argentina",2004,0.37785,0.860222,0.345226
"Argentina",2005,0.336053,0.7969385,0.301734
"Argentina",2006,0.224801,0.738481,0.139259
"Argentina",2007,0.2184765,0.735725,0.132257
"Argentina",2008,0.5745185,0.9342645,0.608236
"Argentina",2009,0.324212,0.8058255,0.6720175
"Argentina",2010,-0.1165225,0.5261915,-0.131005
"Argentina",2011,0.5352405,0.9827695,0.412046
"Argentina",2012,0.476837,0.973862,0.4524105
"Argentina",2013,-0.1033105,0.609434,-0.1361595
"Argentina",2014,-0.2295695,0.4142545,-0.2551305
"Bolivia",1985,-1.068205,-1.000419,-0.7890255
"Bolivia",1986,-0.6814795,-0.632761,-0.4078535
"Bolivia",1987,-0.4426745,-0.392653,-0.1339675
"Bolivia",1988,0.05855205,0.03923945,0.0670122
"Bolivia",1989,0.0775268,0.0303185,0.0817983
"Bolivia",1990,-0.2108505,-0.295496,-0.219314
"Bolivia",1991,0.3816115,0.2242595,0.3827725
"Bolivia",1992,0.489516,0.438141,0.4846155
"Bolivia",1993,0.800105,0.755981,0.835253
"Bolivia",1994,0.8244475,0.704738,0.821203
"Bolivia",1995,0.585431,0.500243,0.5642895
"Bolivia",1996,0.624921,0.516671,0.6342185
"Bolivia",1997,0.9803995,0.799288,1.01188
"Bolivia",1998,1.73209,1.408225,1.724955
"Bolivia",1999,1.737085,1.395465,1.732405
"Bolivia",2000,1.730535,1.365675,1.710415
"Bolivia",2001,1.692255,1.389875,1.718085
"Bolivia",2002,1.31703,1.11381,1.31204
"Bolivia",2003,1.63938,1.35249,1.62791
"Bolivia",2004,1.81796,1.559205,1.80277
"Bolivia",2005,1.690325,1.3907,1.698675
"Bolivia",2006,1.604775,1.34514,1.643095
"Bolivia",2007,1.624335,1.332245,1.6464
"Bolivia",2008,1.324235,1.165475,1.3191
"Bolivia",2009,0.507,0.5901605,0.8865845
"Bolivia",2010,0.5874215,0.430673,0.577276
"Bolivia",2011,0.5907955,0.4083935,0.558334
"Bolivia",2012,0.570185,0.4443345,0.5570645
"Bolivia",2013,0.5519215,0.4657105,0.543319
"Bolivia",2014,0.561955,0.4085925,0.5203455
"Brasil",1985,-2.370735,-1.851075,-2.56547
"Brasil",1986,-2.34114,-1.864035,-2.547075
"Brasil",1987,-2.340505,-1.862655,-2.105835
"Brasil",1988,-2.022515,-1.558385,-1.837425
"Brasil",1989,-1.344415,-0.8531425,-1.25005
"Brasil",1990,-1.15922,-0.754345,-1.21154
"Brasil",1991,-1.160095,-0.7881635,-0.867816
"Brasil",1992,-1.146685,-0.7625185,-0.8817455
"Brasil",1993,-0.567239,-0.2513415,-0.5880695
"Brasil",1994,-0.393166,-0.04983725,-0.4549725
"Brasil",1995,-0.4004095,-0.0287603,-0.420878
"Brasil",1996,-0.4140675,-0.023766,-0.434378
"Brasil",1997,-0.3435805,0.01692165,-0.3814795
"Brasil",1998,-0.0008107725,0.380361,-0.02420945
"Brasil",1999,0.152448,0.660395,0.1285125
"Brasil",2000,0.157334,0.666041,0.08501375
"Brasil",2001,0.152625,0.6423905,0.0933758
"Brasil",2002,0.2004285,0.682958,0.2015375
"Brasil",2003,0.3906445,0.9290465,0.377896
"Brasil",2004,0.411808,0.9103775,0.3456835
"Brasil",2005,0.3927035,0.931748,0.3741825
"Brasil",2006,0.4176185,0.9340215,0.365262
"Brasil",2007,0.3843475,0.953224,0.3212135
"Brasil",2008,0.34037,0.7504315,0.322041
"Brasil",2009,0.355126,0.7432465,0.2838105
"Brasil",2010,-0.07180005,0.25897,-0.105676
"Brasil",2011,-0.06406365,0.4487095,-0.08094425
"Brasil",2012,0.02201055,0.502079,-0.0280314
"Brasil",2013,-0.09612485,0.4485355,-0.1019795
"Brasil",2014,0.00861833,0.497793,-0.04868625
"Chile",1985,-0.1182515,0.55961,-0.1710575
"Chile",1986,-0.08200465,0.6652225,0.2087095
"Chile",1987,-0.08567165,0.6509415,0.138477
"Chile",1988,0.2203735,0.653068,0.175125
"Chile",1989,0.276182,0.6380855,0.1950215
"Chile",1990,0.5132915,0.9805215,0.508654
"Chile",1991,0.506968,0.9540735,0.456582
"Chile",1992,0.5022535,0.9411975,0.4470265
"Chile",1993,0.4773825,0.9562275,0.451842
"Chile",1994,0.4952835,0.9352765,0.4303505
"Chile",1995,0.6140195,1.002185,0.621056
"Chile",1996,0.5473005,0.9701895,0.5143135
"Chile",1997,0.803327,1.22203,0.739084
"Chile",1998,0.8122425,1.22616,0.768215
"Chile",1999,1.196275,1.44563,1.20702
"Chile",2000,1.19936,1.41075,1.17318
"Chile",2001,1.924555,1.92619,1.921815
"Chile",2002,2.041325,2.034965,2.062205
"Chile",2003,1.94115,1.964895,1.98269
"Chile",2004,1.94615,1.998065,1.942935
"Chile",2005,1.97416,1.94751,1.98369
"Chile",2006,1.945205,1.974795,1.968885
"Chile",2007,1.91636,1.98847,1.95292
"Chile",2008,1.95428,1.965805,1.973505
"Chile",2009,1.773665,1.70723,1.764905
"Chile",2010,1.33338,1.512265,1.3408
"Chile",2011,1.29503,1.489345,1.34822
"Chile",2012,1.32176,1.60135,1.29566
"Chile",2013,1.4346,1.623065,1.4276
"Chile",2014,1.16572,1.44705,1.194875
"Colombia",1985,-2.23089,-2.03483,-2.35121
"Colombia",1986,-1.53715,-1.390685,-1.454055
"Colombia",1987,-1.534735,-1.376845,-1.44058
"Colombia",1988,-1.57165,-1.37798,-1.44392
"Colombia",1989,-1.550595,-1.369375,-1.421085
"Colombia",1990,-1.27386,-1.064605,-1.07627
"Colombia",1991,-0.1229265,-0.1177945,-0.1519545
"Colombia",1992,-0.489834,-0.331172,-0.523672
"Colombia",1993,-0.4877555,-0.2960915,-0.5211325
"Colombia",1994,-0.4508165,-0.2836455,-0.4650375
"Colombia",1995,-0.388321,-0.204578,-0.4466795
"Colombia",1996,-0.390555,-0.1865045,-0.4292665
"Colombia",1997,-0.0213034,0.180916,-0.09728405
"Colombia",1998,-0.0849596,0.1045915,-0.1487
"Colombia",1999,-0.005261575,0.1823855,-0.07406535
"Colombia",2000,-0.06523015,0.2121655,-0.0518901
"Colombia",2001,0.0866981,0.4009175,0.0335831
"Colombia",2002,0.08740955,0.4022265,0.008491045
"Colombia",2003,0.144707,0.464815,0.105132
"Colombia",2004,0.252335,0.5346145,0.187682
"Colombia",2005,0.2184715,0.4923595,0.1910485
"Colombia",2006,0.269461,0.5366335,0.239609
"Colombia",2007,0.1652465,0.44139,0.129789
"Colombia",2008,0.39505,0.6185645,0.3637215
"Colombia",2009,0.2482765,0.513421,0.1842945
"Colombia",2010,0.1688655,0.6095545,0.10013265
"Colombia",2011,0.665812,0.999492,0.645238
"Colombia",2012,0.7094995,0.87359,0.645425
"Colombia",2013,0.6874005,0.969569,0.6290965
"Colombia",2014,0.7751415,1.035445,0.696499
"CostaRica",1985,-2.133945,-1.9806,-1.95472
"CostaRica",1986,-0.9633485,-0.9948525,-1.05278
"CostaRica",1987,-0.7077845,-0.6667005,-0.7150085
"CostaRica",1988,-0.6638015,-0.6332155,-0.727929
"CostaRica",1989,-0.6888445,-0.65178,-0.728129
"CostaRica",1990,-0.6912905,-0.674268,-0.7343605
"CostaRica",1991,-0.650234,-0.610959,-0.669615
"CostaRica",1992,-0.6072495,-0.554044,-0.642101
"CostaRica",1993,-0.6286385,-0.613356,-0.4079115
"CostaRica",1994,-0.2525565,-0.355557,-0.2125415
"CostaRica",1995,-0.215381,-0.3396915,-0.199507
"CostaRica",1996,-0.768416,-0.5622095,-0.537222
"CostaRica",1997,-0.777307,-0.565476,-0.531726
"CostaRica",1998,-0.446551,-0.3423455,-0.471432
"CostaRica",1999,-0.2698505,-0.3234415,-0.2731825
"CostaRica",2000,0.03321325,-0.01321375,0.0450438
"CostaRica",2001,0.0619437,0.01528815,0.0738348
"CostaRica",2002,0.04312965,0.01576585,0.0521286
"CostaRica",2003,0.04472765,-0.005200025,0.049495
"CostaRica",2004,0.0213098,-0.007370395,0.0423682
"CostaRica",2005,0.0720624,0.01645135,0.05157905
"CostaRica",2006,0.03379425,0.0216746,0.0389047
"CostaRica",2007,0.03290235,0.0273327,0.0650994
"CostaRica",2008,0.058069,-0.002531,0.06899875
"CostaRica",2009,0.02853905,0.001054937,0.0515292
"CostaRica",2010,0.5599425,0.4501265,0.5463875
"CostaRica",2011,0.5293995,0.3909005,0.5003435
"CostaRica",2012,0.5401315,0.4072315,0.51674
"CostaRica",2013,0.514194,0.393136,0.5148885
"CostaRica",2014,0.596706,0.5347615,0.568052
"Ecuador",1985,-1.67956,-1.77833,-1.498165
"Ecuador",1986,-1.94381,-1.8979,-1.76123
"Ecuador",1987,-1.93949,-1.902125,-1.79647
"Ecuador",1988,-2.149605,-2.15777,-1.96523
"Ecuador",1989,-1.864285,-1.79286,-1.737275
"Ecuador",1990,-1.22536,-1.21224,-1.297235
"Ecuador",1991,-1.26485,-1.26647,-1.37753
"Ecuador",1992,-0.2630345,-0.34912,-0.2737125
"Ecuador",1993,0.0736772,-0.174591,0.0428577
"Ecuador",1994,-0.18012,-0.310051,-0.227206
"Ecuador",1995,-0.234989,-0.3512265,-0.250007
"Ecuador",1996,-0.222218,-0.344226,-0.2504
"Ecuador",1997,-0.2342995,-0.36319,-0.2234295
"Ecuador",1998,-0.168046,-0.304447,-0.2136725
"Ecuador",1999,-0.07324715,0.03832815,-0.0965356
"Ecuador",2000,-0.1521885,-0.0322348,-0.176323
"Ecuador",2001,0.125747,0.1664185,0.07263295
"Ecuador",2002,0.0531494,0.123473,0.0480039
"Ecuador",2003,0.08552095,0.1366295,0.0611404
"Ecuador",2004,0.2709015,0.249917,0.2356835
"Ecuador",2005,-0.00451304,-0.006422595,-0.02973535
"Ecuador",2006,-0.00901075,0.014593,-0.0438741
"Ecuador",2007,-0.0477489,-0.0496653,-0.0760582
"Ecuador",2008,0.0190687,-0.0109866,-0.04338135
"Ecuador",2009,-0.360683,-0.3662605,-0.402395
"Ecuador",2010,0.2010435,-0.15125,0.153855
"Ecuador",2011,-0.0868235,-0.3190285,-0.120089
"Ecuador",2012,-0.09368445,-0.3496175,-0.1204785
"Ecuador",2013,-0.663622,-0.6698235,-0.6228495
"Ecuador",2014,-0.0973341,-0.309665,-0.139308
"ElSalvador",1985,-1.624785,-1.638795,-1.549265
"ElSalvador",1986,-1.466915,-1.49984,-1.268585
"ElSalvador",1987,-1.279135,-1.30209,-1.090285
"ElSalvador",1988,-1.27706,-1.305025,-1.059115
"ElSalvador",1989,-1.009145,-1.17903,-1.10292
"ElSalvador",1990,-0.876161,-0.9894645,-0.94661
"ElSalvador",1991,-0.9066345,-0.9480445,-0.9739255
"ElSalvador",1992,-0.560279,-0.7300545,-0.634699
"ElSalvador",1993,-0.290091,-0.476052,-0.300175
"ElSalvador",1994,0.04917855,-0.2478225,0.02330375
"ElSalvador",1995,0.0383992,-0.135219,0.01411005
"ElSalvador",1996,0.198013,-0.048747,0.2084805
"ElSalvador",1997,0.196323,0.002158356,0.208548
"ElSalvador",1998,0.5482725,0.341257,0.5567255
"ElSalvador",1999,0.5557595,0.368767,0.5253745
"ElSalvador",2000,0.644695,0.5053555,0.618307
"ElSalvador",2001,0.606459,0.475359,0.585521
"ElSalvador",2002,0.5882715,0.4783685,0.607468
"ElSalvador",2003,0.5812095,0.495865,0.580638
"ElSalvador",2004,0.6479475,0.515074,0.619954
"ElSalvador",2005,0.842257,0.7301085,0.8649065
"ElSalvador",2006,0.831156,0.720118,0.845057
"ElSalvador",2007,0.880194,0.76405,0.872505
"ElSalvador",2008,0.8404005,0.698807,0.8077865
"ElSalvador",2009,0.8433615,0.723423,0.831632
"ElSalvador",2010,0.7238915,0.526783,0.748736
"ElSalvador",2011,0.726908,0.5429815,0.703407
"ElSalvador",2012,0.768549,0.5111225,0.7154855
"ElSalvador",2013,0.766734,0.493092,0.714486
"ElSalvador",2014,0.7920635,0.4876065,0.747054
"Guatemala",1985,-2.416875,-2.495935,-2.1681
"Guatemala",1986,-2.40024,-2.508395,-2.186675
"Guatemala",1987,-1.67942,-1.865755,-1.558905
"Guatemala",1988,-1.374955,-1.4228,-1.159915
"Guatemala",1989,-0.5328515,-0.733381,-0.5644485
"Guatemala",1990,-0.2412865,-0.3742,-0.24056
"Guatemala",1991,-0.217544,-0.363316,-0.2737885
"Guatemala",1992,-0.1617915,-0.3078295,-0.1699545
"Guatemala",1993,-0.236368,-0.36146,-0.2207565
"Guatemala",1994,0.3588495,-0.00136922,0.3805015
"Guatemala",1995,0.336078,0.026546,0.3529005
"Guatemala",1996,0.38865,0.0621127,0.411611
"Guatemala",1997,0.253419,-0.0633094,0.2574415
"Guatemala",1998,0.614742,0.344702,0.608456
"Guatemala",1999,0.6653855,0.3911965,0.6635185
"Guatemala",2000,0.5414455,0.302734,0.527949
"Guatemala",2001,0.604454,0.376856,0.605581
"Guatemala",2002,0.539741,0.296963,0.534346
"Guatemala",2003,0.574395,0.3527865,0.590209
"Guatemala",2004,0.571633,0.4000655,0.61633
"Guatemala",2005,0.575035,0.388541,0.5884395
"Guatemala",2006,0.5817365,0.420617,0.591274
"Guatemala",2007,0.918583,0.7170335,0.890876
"Guatemala",2008,0.8678325,0.706277,0.88067
"Guatemala",2009,0.837696,0.6544885,0.8455175
"Guatemala",2010,0.8325275,0.561154,0.789433
"Guatemala",2011,0.7537195,0.35734,0.6997745
"Guatemala",2012,0.7150095,0.484325,0.687361
"Guatemala",2013,1.13444,0.725769,1.14545
"Guatemala",2014,1.10914,0.7577245,1.105015
"Honduras",1985,-2.225225,-2.32067,-1.99294
"Honduras",1986,-1.74197,-2.03826,-1.948425
"Honduras",1987,-1.730505,-2.02464,-1.98238
"Honduras",1988,-1.722655,-1.97923,-1.52804
"Honduras",1989,-1.696285,-1.90207,-1.551825
"Honduras",1990,-1.41901,-1.80804,-1.566125
"Honduras",1991,-1.405675,-1.83242,-1.539555
"Honduras",1992,-0.885734,-1.184325,-0.9770155
"Honduras",1993,-0.6390075,-0.985476,-0.713576
"Honduras",1994,-0.574369,-0.9115205,-0.6500665
"Honduras",1995,-0.2251935,-0.6466075,-0.2544425
"Honduras",1996,-0.435327,-0.727483,-0.433682
"Honduras",1997,-0.539988,-0.8229095,-0.5270075
"Honduras",1998,-0.467683,-0.7335445,-0.441633
"Honduras",1999,-0.00382714,-0.174983,0.03254705
"Honduras",2000,0.1374035,-0.0186761,0.137574
"Honduras",2001,0.4058045,0.2617445,0.4040495
"Honduras",2002,0.362591,0.275657,0.3619975
"Honduras",2003,0.4168675,0.306323,0.3738675
"Honduras",2004,0.3604915,0.2457795,0.338871
"Honduras",2005,0.3777935,0.25384,0.3732565
"Honduras",2006,0.377268,0.266017,0.357066
"Honduras",2007,0.431306,0.299974,0.3904035
"Honduras",2008,0.590991,0.4023025,0.5904315
"Honduras",2009,0.6568915,0.5058435,0.60319
"Honduras",2010,0.178704,0.003319115,0.12398
"Honduras",2011,0.1899305,-0.1226385,0.1022225
"Honduras",2012,0.014061,-0.190697,0.0340229
"Honduras",2013,0.229836,-0.0247955,0.1663795
"Honduras",2014,-0.2487445,-0.14175,-0.2551535
"Mexico",1985,-1.753545,-1.6754,-1.96072
"Mexico",1986,-1.686585,-1.616835,-1.863905
"Mexico",1987,-1.15775,-1.11965,-1.23033
"Mexico",1988,-0.9154755,-0.917955,-1.01309
"Mexico",1989,-0.4244555,-0.29264,-0.478997
"Mexico",1990,0.05068215,0.1286625,0.005670075
"Mexico",1991,0.1359045,0.166795,0.0915492
"Mexico",1992,0.1332865,0.0720919,0.118689
"Mexico",1993,0.332763,0.145907,0.3185445
"Mexico",1994,0.3086715,0.1907205,0.326259
"Mexico",1995,-0.045952,-0.0468925,-0.0557734
"Mexico",1996,-0.0368011,-0.0131861,-0.07106795
"Mexico",1997,0.06499835,0.15567,0.0728664
"Mexico",1998,0.0462198,0.164786,0.07380365
"Mexico",1999,0.0654544,0.1571535,0.0605639
"Mexico",2000,0.06833735,0.158155,0.04792445
"Mexico",2001,0.07845925,0.162673,0.04702665
"Mexico",2002,-0.1005735,0.075748,-0.1194885
"Mexico",2003,-0.08387915,0.0438041,-0.1154315
"Mexico",2004,0.1025065,0.16382,0.04834105
"Mexico",2005,0.06813975,0.1600645,0.0567297
"Mexico",2006,0.313101,0.4044565,0.327163
"Mexico",2007,0.06051385,0.150797,0.074108
"Mexico",2008,0.2139825,0.435786,0.1884315
"Mexico",2009,0.2162475,0.4407875,0.156281
"Mexico",2010,0.8664445,0.6796455,0.861123
"Mexico",2011,0.910393,0.583552,0.823179
"Mexico",2012,0.862896,0.6614235,0.854563
"Mexico",2013,0.852761,0.7861395,0.810872
"Mexico",2014,0.794729,0.5547655,0.7555915
"Nicaragua",1985,-2.48434,-2.247865,-2.243205
"Nicaragua",1986,-2.05694,-2.010785,-2.02775
"Nicaragua",1987,-1.29495,-1.2902,-1.016745
"Nicaragua",1988,-1.78359,-1.95153,-1.82133
"Nicaragua",1989,-1.643005,-1.731945,-1.628815
"Nicaragua",1990,-0.306155,-0.422674,-0.3839925
"Nicaragua",1991,-1.6537,-1.49284,-1.622875
"Nicaragua",1992,-1.06449,-1.136465,-1.03521
"Nicaragua",1993,-0.3670155,-0.552314,-0.32071
"Nicaragua",1994,-0.277991,-0.3828525,-0.2855825
"Nicaragua",1995,0.0505503,-0.0486434,0.04516685
"Nicaragua",1996,0.260516,0.1406265,0.296257
"Nicaragua",1997,0.604048,0.4422535,0.6251415
"Nicaragua",1998,0.260491,0.1266685,0.3027065
"Nicaragua",1999,0.03831935,0.07595265,0.417121
"Nicaragua",2000,0.685806,0.567144,0.666906
"Nicaragua",2001,0.528853,0.5398205,0.570727
"Nicaragua",2002,0.539678,0.509227,0.5726145
"Nicaragua",2003,0.557959,0.5295075,0.536507
"Nicaragua",2004,0.5452515,0.5138285,0.56734
"Nicaragua",2005,0.5335685,0.532211,0.540316
"Nicaragua",2006,0.5342745,0.4568315,0.5138985
"Nicaragua",2007,0.8169615,0.744033,0.824313
"Nicaragua",2008,0.809158,0.748726,0.826132
"Nicaragua",2009,0.772612,0.700926,0.753237
"Nicaragua",2010,0.8819705,0.7727245,0.891272
"Nicaragua",2011,0.836031,0.723625,0.8603775
"Nicaragua",2012,0.8660535,0.671481,0.81638
"Nicaragua",2013,0.8530695,0.682659,0.821293
"Nicaragua",2014,0.9878945,0.9103385,0.924711
"Panama",1985,-0.231488,-1.01525,-0.2640865
"Panama",1986,-0.249481,-1.00804,-0.229408
"Panama",1987,-0.2134585,-1.05871,-0.303778
"Panama",1988,-0.1712295,-1.00485,-0.1967105
"Panama",1989,-0.1968395,-0.997379,-0.2922445
"Panama",1990,-0.1948535,-0.925019,-0.21226
"Panama",1991,-0.231865,-1.0251,-0.1853885
"Panama",1992,-0.31954,-0.9354215,-0.245808
"Panama",1993,-0.2337265,-0.9791405,-0.262435
"Panama",1994,0.6810565,0.08192995,0.6321215
"Panama",1995,0.67294,0.1148695,0.6461495
"Panama",1996,0.615685,0.07618325,0.696042
"Panama",1997,0.2363605,-0.03822495,0.148225
"Panama",1998,0.8551475,0.395717,0.799094
"Panama",1999,0.538444,-0.048139,0.4870915
"Panama",2000,0.708117,0.217634,0.6814265
"Panama",2001,0.4927485,-0.0168659,0.415967
"Panama",2002,0.538086,0.02153105,0.462708
"Panama",2003,0.396965,-0.2294695,0.3874725
"Panama",2004,0.412092,-0.1759805,0.404485
"Panama",2005,0.420278,-0.242868,0.353554
"Panama",2006,0.423905,-0.17946,0.3746535
"Panama",2007,0.532062,-0.09299965,0.4776375
"Panama",2008,0.513353,0.0792261,0.4637955
"Panama",2009,0.4619225,-0.0454976,0.3585965
"Panama",2010,0.6205085,0.213542,0.6158135
"Panama",2011,0.828864,0.46666,0.7959505
"Panama",2012,0.703896,0.3657155,0.6940075
"Panama",2013,0.8713645,0.482039,0.80823
"Panama",2014,0.2981405,-0.1484035,0.293448
"Paraguay",1985,-1.73158,-1.471295,-1.897755
"Paraguay",1986,-1.14951,-1.15467,-1.20851
"Paraguay",1987,-1.378635,-1.28041,-1.357775
"Paraguay",1988,-1.17427,-1.229625,-1.23931
"Paraguay",1989,-1.422895,-1.32982,-1.38333
"Paraguay",1990,-0.7275825,-0.71664,-0.7493625
"Paraguay",1991,-0.1696345,-0.1216515,-0.198941
"Paraguay",1992,0.1878415,0.08130945,0.217168
"Paraguay",1993,0.203204,-0.02022335,0.1997835
"Paraguay",1994,0.1938445,-0.01178775,0.193427
"Paraguay",1995,-0.144712,-0.220557,0.193865
"Paraguay",1996,-0.2919995,-0.339897,-0.2983975
"Paraguay",1997,-0.139234,-0.2258545,-0.116937
"Paraguay",1998,-0.130421,-0.204777,-0.129757
"Paraguay",1999,0.03007225,-0.0977853,0.0411734
"Paraguay",2000,0.02520555,-0.1098355,0.004570125
"Paraguay",2001,0.02504315,-0.1506465,-0.02240635
"Paraguay",2002,-0.00927777,-0.154919,-0.01290415
"Paraguay",2003,-0.01667985,-0.149604,0.005344705
"Paraguay",2004,-0.0145413,-0.132981,0.00082792735
"Paraguay",2005,0.1971805,0.128985,0.623587
"Paraguay",2006,0.852701,0.6577475,0.854462
"Paraguay",2007,0.496941,0.469591,0.850841
"Paraguay",2008,0.504651,0.4786975,0.907601
"Paraguay",2009,0.326798,0.352857,0.6132855
"Paraguay",2010,0.784866,0.577208,0.762314
"Paraguay",2011,0.759881,0.5400035,0.7177215
"Paraguay",2012,0.966091,0.7875795,0.9339485
"Paraguay",2013,0.968317,0.748905,0.9783355
"Paraguay",2014,1.137915,1.12308,1.110205
"Peru",1985,-2.642345,-2.685345,-2.825655
"Peru",1986,-2.61928,-2.716945,-2.83221
"Peru",1987,-2.297835,-2.225315,-2.480795
"Peru",1988,-2.259725,-2.19694,-2.485945
"Peru",1989,-2.262135,-1.97776,-2.429915
"Peru",1990,-1.249295,-1.085835,-0.9772655
"Peru",1991,-0.9190865,-0.8857565,-0.9678625
"Peru",1992,0.07070505,0.192075,0.0391124
"Peru",1993,0.1764555,0.3418705,0.170043
"Peru",1994,0.2018325,0.320562,0.16844
"Peru",1995,0.1995525,0.340861,0.1777285
"Peru",1996,0.499226,0.628232,0.456978
"Peru",1997,0.428505,0.510486,0.382606
"Peru",1998,0.45991,0.606406,0.448644
"Peru",1999,0.505664,0.6759635,0.515105
"Peru",2000,0.5363705,0.6700975,0.5384
"Peru",2001,0.5269505,0.701239,0.4844075
"Peru",2002,0.4391885,0.64465,0.870808
"Peru",2003,0.981336,0.928758,0.921406
"Peru",2004,0.4285965,0.615252,0.7636085
"Peru",2005,0.406026,0.6183425,0.773661
"Peru",2006,0.4934205,0.6551105,0.844206
"Peru",2007,0.463936,0.649526,0.8297825
"Peru",2008,0.698859,0.7521995,0.6899925
"Peru",2009,0.871106,0.84318,0.8168545
"Peru",2010,0.6091885,0.7381635,0.5751935
"Peru",2011,0.549266,0.686255,0.507638
"Peru",2012,0.3416565,0.494178,0.358183
"Peru",2013,0.6413175,0.7415795,0.6066895
"Peru",2014,0.677471,0.7573385,0.678115
"DominicanRep",1985,-2.111595,-2.26453,-2.102115
"DominicanRep",1986,-2.128005,-2.29916,-2.158525
"DominicanRep",1987,-1.917205,-2.115735,-1.974275
"DominicanRep",1988,-1.964345,-2.12994,-1.92783
"DominicanRep",1989,-2.263855,-2.317735,-2.51802
"DominicanRep",1990,-1.71452,-1.877415,-1.534195
"DominicanRep",1991,-1.34645,-1.44302,-1.128875
"DominicanRep",1992,-1.00063,-1.038115,-0.7670115
"DominicanRep",1993,-1.015985,-1.04098,-0.737042
"DominicanRep",1994,-0.431712,-0.5571515,-0.471264
"DominicanRep",1995,-0.2360685,-0.401406,-0.2308935
"DominicanRep",1996,-0.3894705,-0.4912945,-0.403929
"DominicanRep",1997,-0.418007,-0.4808795,-0.414922
"DominicanRep",1998,-0.4161245,-0.5020325,-0.417623
"DominicanRep",1999,-0.3506,-0.4381895,-0.3756095
"DominicanRep",2000,-0.01454785,-0.08248025,-0.05020925
"DominicanRep",2001,0.269221,0.0712063,0.2478325
"DominicanRep",2002,0.390857,0.275623,0.359424
"DominicanRep",2003,0.42688,0.396735,0.4194465
"DominicanRep",2004,0.374076,0.3361445,0.353013
"DominicanRep",2005,0.536823,0.4270235,0.549743
"DominicanRep",2006,0.5142895,0.439729,0.538399
"DominicanRep",2007,0.5343075,0.4330805,0.517547
"DominicanRep",2008,0.5662515,0.4261925,0.5391695
"DominicanRep",2009,0.56436,0.4457115,0.5419235
"DominicanRep",2010,0.7910925,0.5044775,0.7677395
"DominicanRep",2011,0.762483,0.5174305,0.7785955
"DominicanRep",2012,0.7973315,0.542981,0.7959235
"DominicanRep",2013,0.7277575,0.6940585,0.7800765
"DominicanRep",2014,0.525866,0.5304125,0.5562985
"Uruguay",1985,-0.1450695,-0.0010707935,0.2691485
"Uruguay",1986,-0.06963225,0.08067765,-0.09838185
"Uruguay",1987,0.3024355,0.312449,0.3375555
"Uruguay",1988,0.2865305,0.3058595,0.298918
"Uruguay",1989,0.3022545,0.331501,0.2893145
"Uruguay",1990,0.584513,0.608524,0.5907655
"Uruguay",1991,0.5555345,0.6026255,0.6199465
"Uruguay",1992,0.5701535,0.5814045,0.5639645
"Uruguay",1993,-0.2269885,0.0632474,0.00303051
"Uruguay",1994,0.02727655,0.2259165,0.00676805
"Uruguay",1995,0.00923807,0.2330495,-0.007626195
"Uruguay",1996,0.1930015,0.393834,0.207838
"Uruguay",1997,0.1929275,0.382074,0.167885
"Uruguay",1998,0.156843,0.3469965,0.1871375
"Uruguay",1999,0.1837535,0.3621125,0.1754885
"Uruguay",2000,0.237097,0.4319265,0.235491
"Uruguay",2001,0.1887875,0.393397,0.211083
"Uruguay",2002,0.201831,0.3896965,0.196272
"Uruguay",2003,0.1889595,0.3571825,0.193907
"Uruguay",2004,0.1431805,0.368909,0.207895
"Uruguay",2005,0.1876225,0.3479235,0.5653925
"Uruguay",2006,0.189561,0.384711,0.585265
"Uruguay",2007,0.0617623,0.2714175,0.428988
"Uruguay",2008,0.0576662,0.252859,0.4147805
"Uruguay",2009,0.05182505,0.2319765,0.412673
"Uruguay",2010,0.9924125,1.16517,1.018135
"Uruguay",2011,1.00552,1.15791,0.967377
"Uruguay",2012,0.9062735,1.05436,0.92072
"Uruguay",2013,0.971266,1.12818,0.8752555
"Uruguay",2014,0.7477615,0.809444,0.723258
"Venezuela",1985,-1.93628,-2.109815,-2.138235
"Venezuela",1986,-1.91997,-2.09587,-2.13
"Venezuela",1987,-1.899835,-2.08884,-2.127135
"Venezuela",1988,-1.92605,-2.11374,-2.149235
"Venezuela",1989,-1.675385,-1.77927,-1.860875
"Venezuela",1990,-1.274705,-1.33763,-1.080125
"Venezuela",1991,-0.7312525,-0.912275,-0.795243
"Venezuela",1992,-0.470623,-0.625906,-0.518162
"Venezuela",1993,-0.7296895,-0.7745865,-0.822737
"Venezuela",1994,-0.6105925,-0.618502,-0.673678
"Venezuela",1995,-0.7198215,-0.671637,-0.771261
"Venezuela",1996,0.183866,0.278821,0.1466855
"Venezuela",1997,0.3125975,0.325262,0.275793
"Venezuela",1998,0.264164,0.269643,0.2561335
"Venezuela",1999,0.3840395,0.5109595,0.3519475
"Venezuela",2000,0.385604,0.4889175,0.342795
"Venezuela",2001,0.275552,0.2943285,0.2703755
"Venezuela",2002,0.2280325,0.4144055,0.2012845
"Venezuela",2003,0.263272,0.4637535,0.2364925
"Venezuela",2004,0.2495725,0.44999,0.218531
"Venezuela",2005,0.266541,0.44294,0.219572
"Venezuela",2006,-0.2975025,-0.1675775,-0.34002
"Venezuela",2007,-0.3034515,-0.164219,-0.3438285
"Venezuela",2008,-0.2935365,-0.2945455,-0.35162
"Venezuela",2009,-0.3129845,-0.3123695,-0.362064
"Venezuela",2010,-0.6394965,-0.625743,-0.693489
"Venezuela",2011,-0.5421225,-0.5551665,-0.6418065
"Venezuela",2012,-0.5490625,-0.552567,-0.616915
"Venezuela",2013,-0.5831785,-0.6266255,-0.681074
"Venezuela",2014,-0.68627,-0.711052,-0.777347
