"","actor.type","year","real.year","country","country.name","Mood","Polarization"
"1",1,4,1996,1,"Argentina",-0.572343509071792,1.21477875184818
"2",1,6,1998,1,"Argentina",0.111381016267191,0.453693052037613
"3",1,8,2000,1,"Argentina",0.149380558652102,3.19831631891978
"4",1,9,2001,1,"Argentina",-0.444082075645486,1.32528182428699
"5",1,10,2002,1,"Argentina",-0.790967846152626,1.15469738905498
"6",1,11,2003,1,"Argentina",-0.507052418831202,0.714301183884397
"7",1,12,2004,1,"Argentina",-0.124637101500897,1.41624250536213
"8",1,13,2005,1,"Argentina",-0.196529895392356,3.08653356298159
"9",1,14,2006,1,"Argentina",0.504782015199586,2.04814616342213
"10",1,15,2007,1,"Argentina",-0.483145113069692,2.44099153634089
"11",1,16,2008,1,"Argentina",-0.689642400323393,0.943752195760926
"12",1,17,2009,1,"Argentina",-0.453026020901241,2.54282022242799
"13",1,18,2010,1,"Argentina",-0.173848036441074,1.50787510838647
"14",1,19,2011,1,"Argentina",-0.349276724827608,1.27966993204286
"15",1,20,2012,1,"Argentina",-0.755629003308768,1.50397655437773
"16",1,21,2013,1,"Argentina",-0.748791917370478,1.55392986688023
"17",1,22,2014,1,"Argentina",-0.532128086878581,1.74195692302352
"18",1,4,1996,2,"Bolivia",-0.933078241319412,1.23069728850429
"19",1,6,1998,2,"Bolivia",-0.0025999801949816,0.453464044860318
"20",1,8,2000,2,"Bolivia",0.0673593531989009,4.07434043266148
"21",1,9,2001,2,"Bolivia",-0.420222090079929,1.62968064044679
"22",1,10,2002,2,"Bolivia",-0.721041511636906,1.42650069427634
"23",1,11,2003,2,"Bolivia",-0.916430161385229,0.830526074691206
"24",1,12,2004,2,"Bolivia",-0.561172706785472,1.20680960301616
"25",1,13,2005,2,"Bolivia",-0.129419206500545,2.53099925373795
"26",1,14,2006,2,"Bolivia",0.0839289348005091,1.85132206195453
"27",1,15,2007,2,"Bolivia",-0.108862229739054,3.29868914047159
"28",1,16,2008,2,"Bolivia",-0.808601228941044,0.789469267283319
"29",1,17,2009,2,"Bolivia",-0.156665335321796,2.77162608441797
"30",1,18,2010,2,"Bolivia",-0.331901620638273,1.56175118252708
"31",1,19,2011,2,"Bolivia",-0.424117429084377,1.81257055285385
"32",1,20,2012,2,"Bolivia",-0.650909914847432,1.47697649497418
"33",1,21,2013,2,"Bolivia",0.266086553479756,2.8818130034563
"34",1,22,2014,2,"Bolivia",-0.23915205826687,2.05442882414821
"35",1,4,1996,3,"Brazil",-0.690779927983918,1.25150414768625
"36",1,6,1998,3,"Brazil",-0.235572778371962,0.520295371922645
"37",1,8,2000,3,"Brazil",-0.127182902457525,2.99493303573391
"38",1,9,2001,3,"Brazil",-0.442726601602832,1.21610656070792
"39",1,10,2002,3,"Brazil",-0.311385972832954,1.90758956645233
"40",1,11,2003,3,"Brazil",-0.435522476934788,0.596349346284195
"41",1,12,2004,3,"Brazil",-0.0314136347632404,1.18609782672621
"42",1,13,2005,3,"Brazil",0.254984746790834,2.34286558959471
"43",1,14,2006,3,"Brazil",0.690049965735904,1.90448210381664
"44",1,15,2007,3,"Brazil",0.589967480555345,2.74290187614002
"45",1,16,2008,3,"Brazil",-0.396727232820403,0.612525421787331
"46",1,17,2009,3,"Brazil",0.218070849002001,2.11254163006537
"47",1,18,2010,3,"Brazil",-0.272397744671943,1.19520079256633
"48",1,19,2011,3,"Brazil",-0.268146961911852,2.38057641841213
"49",1,20,2012,3,"Brazil",-0.839695229263933,1.85826600970328
"50",1,21,2013,3,"Brazil",-0.13411551784862,1.74510254782468
"51",1,22,2014,3,"Brazil",-0.259491256308839,1.85575406377557
"52",1,4,1996,4,"Chile",-0.757110236613565,1.51408433079144
"53",1,6,1998,4,"Chile",-0.119438431861992,0.434570839934191
"54",1,8,2000,4,"Chile",0.134212979701099,3.33318046933769
"55",1,9,2001,4,"Chile",0.194274663745901,0.861818107768419
"56",1,10,2002,4,"Chile",-0.98039409591934,1.64981577098942
"57",1,11,2003,4,"Chile",-0.510912383296458,0.656354478795012
"58",1,12,2004,4,"Chile",-0.0205136501530356,1.61131436797957
"59",1,13,2005,4,"Chile",0.448148863261167,1.99761876563019
"60",1,14,2006,4,"Chile",0.0836613288540402,1.89500212151393
"61",1,15,2007,4,"Chile",0.0993721513147449,2.45483503396555
"62",1,16,2008,4,"Chile",-0.872382848909401,0.877998324701694
"63",1,17,2009,4,"Chile",-0.238217877004934,2.35983423010558
"64",1,18,2010,4,"Chile",-0.492093473908865,1.07238687430936
"65",1,19,2011,4,"Chile",-1.054247313807,1.47114555571659
"66",1,20,2012,4,"Chile",-1.13650902655655,1.62104092086423
"67",1,21,2013,4,"Chile",-0.963999695020236,1.25423033187347
"68",1,22,2014,4,"Chile",-0.835169002119225,1.33760197707922
"69",1,4,1996,5,"Colombia",-0.70357987201061,1.27089419588432
"70",1,6,1998,5,"Colombia",-0.0642882362930987,0.362211001091895
"71",1,8,2000,5,"Colombia",0.215715737415316,3.66649301546544
"72",1,9,2001,5,"Colombia",-0.529037795921108,1.43598132795377
"73",1,10,2002,5,"Colombia",-0.670856214847007,1.40269962852241
"74",1,11,2003,5,"Colombia",-0.50530822986991,0.628851749349402
"75",1,12,2004,5,"Colombia",-0.0675303263079494,1.20083164526365
"76",1,13,2005,5,"Colombia",0.51462158335444,2.71210987500464
"77",1,14,2006,5,"Colombia",-0.21047651888148,1.82396356776935
"78",1,15,2007,5,"Colombia",0.563691584167875,2.1646727018613
"79",1,16,2008,5,"Colombia",-0.441480747394373,0.619146131602434
"80",1,17,2009,5,"Colombia",-0.469354525407396,1.69373699499307
"81",1,18,2010,5,"Colombia",-0.174475602143856,1.14106003357924
"82",1,19,2011,5,"Colombia",-0.390765106119557,0.997664908399891
"83",1,20,2012,5,"Colombia",-0.308238428002634,1.21708133462121
"84",1,21,2013,5,"Colombia",-0.552032480817341,1.54427132169674
"85",1,22,2014,5,"Colombia",-0.0564095479045832,1.56571315181116
"86",1,4,1996,6,"CostaRica",-0.733868726026001,1.43658807551121
"87",1,6,1998,6,"CostaRica",0.213209758289941,0.267940972644899
"88",1,8,2000,6,"CostaRica",0.544196963480504,2.10372608630685
"89",1,9,2001,6,"CostaRica",-0.308429394879967,1.32831288710627
"90",1,10,2002,6,"CostaRica",-0.196549162688602,2.11152120624565
"91",1,11,2003,6,"CostaRica",-0.790717321522945,0.713807979424711
"92",1,12,2004,6,"CostaRica",-0.127076189050621,1.24477740384957
"93",1,13,2005,6,"CostaRica",0.597719632893324,1.52314271245063
"94",1,14,2006,6,"CostaRica",-0.144230017542421,1.86406244399771
"95",1,15,2007,6,"CostaRica",-0.117411900481361,2.86036370384653
"96",1,16,2008,6,"CostaRica",-0.666167466198953,0.789872918384912
"97",1,17,2009,6,"CostaRica",0.457851320266585,2.56434761261837
"98",1,18,2010,6,"CostaRica",-0.367420687512318,1.08002507361901
"99",1,19,2011,6,"CostaRica",-0.369823593525573,2.04020359711642
"100",1,20,2012,6,"CostaRica",-0.343792116143906,1.50458673211876
"101",1,21,2013,6,"CostaRica",-0.732916945733331,1.88937004012178
"102",1,22,2014,6,"CostaRica",-0.0819518700020709,1.86617018234155
"103",1,12,2004,7,"DominicanRep",-0.4808916728259,1.2426611500721
"104",1,13,2005,7,"DominicanRep",-0.102665805556718,3.32921520170477
"105",1,14,2006,7,"DominicanRep",0.03109068281754,1.89069609923953
"106",1,15,2007,7,"DominicanRep",0.781364085949316,3.14774654632935
"107",1,16,2008,7,"DominicanRep",-0.61232840011006,0.674936083237416
"108",1,17,2009,7,"DominicanRep",-0.142688429369239,3.62746132194464
"109",1,18,2010,7,"DominicanRep",-0.396979957390246,1.22010657691562
"110",1,19,2011,7,"DominicanRep",-0.886545744041724,2.06149626999243
"111",1,20,2012,7,"DominicanRep",-0.791572534017308,1.26689061230157
"112",1,21,2013,7,"DominicanRep",-0.139390343915584,1.95837979935553
"113",1,22,2014,7,"DominicanRep",-0.646821404781857,1.74902186173537
"114",1,4,1996,8,"Ecuador",-1.13320608824283,1.39153393470066
"115",1,6,1998,8,"Ecuador",-0.0149059205035485,0.427493968269226
"116",1,8,2000,8,"Ecuador",0.417093020878877,3.07299387776643
"117",1,9,2001,8,"Ecuador",-0.225591361227667,1.71864214701457
"118",1,10,2002,8,"Ecuador",-0.500247326368622,1.91279200621633
"119",1,11,2003,8,"Ecuador",-0.989486876444212,0.973126121754077
"120",1,12,2004,8,"Ecuador",-0.764400942018205,1.5229002148347
"121",1,13,2005,8,"Ecuador",-0.10496754891925,2.53654738056125
"122",1,14,2006,8,"Ecuador",-0.235806371304078,1.61662402982484
"123",1,15,2007,8,"Ecuador",-0.000877804158876699,3.49056566966987
"124",1,16,2008,8,"Ecuador",-0.685134881862047,0.778827500274374
"125",1,17,2009,8,"Ecuador",-0.386345902949258,3.891188875926
"126",1,18,2010,8,"Ecuador",-0.0719069839017861,1.01128494801534
"127",1,19,2011,8,"Ecuador",-0.186747376472702,1.25290397390856
"128",1,20,2012,8,"Ecuador",-0.497258291394181,1.57426163354393
"129",1,21,2013,8,"Ecuador",0.493613579539332,2.39448271197122
"130",1,22,2014,8,"Ecuador",-0.362634065335489,2.0389622896492
"131",1,4,1996,9,"ElSalvador",-0.92086900525973,1.4859781048862
"132",1,6,1998,9,"ElSalvador",0.0736041985936166,0.375528274322905
"133",1,8,2000,9,"ElSalvador",0.337892541792419,3.23482595511932
"134",1,9,2001,9,"ElSalvador",-0.206024035811712,1.13190300169334
"135",1,10,2002,9,"ElSalvador",-0.103266447957398,2.300110121565
"136",1,11,2003,9,"ElSalvador",-0.675294952172881,0.790751761794366
"137",1,12,2004,9,"ElSalvador",-0.501790502613188,1.48385924392144
"138",1,13,2005,9,"ElSalvador",-0.452871341753092,2.85758319363878
"139",1,14,2006,9,"ElSalvador",-0.616249529748195,1.47950770289557
"140",1,15,2007,9,"ElSalvador",0.501118077260631,1.78303849060679
"141",1,16,2008,9,"ElSalvador",-0.693281892052423,0.805807647019283
"142",1,17,2009,9,"ElSalvador",0.348541745157614,2.32029307589222
"143",1,18,2010,9,"ElSalvador",-0.357008903760608,1.38426926403455
"144",1,19,2011,9,"ElSalvador",-0.433343690545564,2.21307292097889
"145",1,20,2012,9,"ElSalvador",-0.640830099465306,1.3582574965387
"146",1,21,2013,9,"ElSalvador",-1.22594882763139,1.31468488678705
"147",1,22,2014,9,"ElSalvador",-0.0645278816157975,1.77999186372396
"148",1,4,1996,10,"Guatemala",-0.974555242503611,1.70408881760366
"149",1,6,1998,10,"Guatemala",-0.0539694807929014,0.494168354594583
"150",1,8,2000,10,"Guatemala",0.494963494639556,3.13129573990225
"151",1,9,2001,10,"Guatemala",-0.246717495189095,1.23061259544146
"152",1,10,2002,10,"Guatemala",-0.166785079429186,1.3443540646978
"153",1,11,2003,10,"Guatemala",-1.16800237294413,0.935746165087997
"154",1,12,2004,10,"Guatemala",-0.418522034439106,1.10408950119404
"155",1,13,2005,10,"Guatemala",-0.13099220870034,3.51565389147299
"156",1,14,2006,10,"Guatemala",-0.280536983364263,1.71422432818955
"157",1,15,2007,10,"Guatemala",-0.0668391236413176,4.12203464386208
"158",1,16,2008,10,"Guatemala",-0.713916413120009,0.817219960057139
"159",1,17,2009,10,"Guatemala",-0.117041320756913,4.5353490278913
"160",1,18,2010,10,"Guatemala",-0.47403518979896,1.70442814232211
"161",1,19,2011,10,"Guatemala",-0.896380199206459,2.57013458686897
"162",1,20,2012,10,"Guatemala",-0.455753144052421,1.72634926204227
"163",1,21,2013,10,"Guatemala",-0.812272234553112,1.65128092435173
"164",1,22,2014,10,"Guatemala",-0.0589872607979624,1.76175940290283
"165",1,4,1996,11,"Honduras",-1.15979406184974,1.32857681375111
"166",1,6,1998,11,"Honduras",-0.119662385602804,0.344225606805105
"167",1,8,2000,11,"Honduras",0.76084916463357,3.32124968223408
"168",1,9,2001,11,"Honduras",-0.424372703091258,0.993217069910873
"169",1,10,2002,11,"Honduras",-0.266261739694598,2.33061637840087
"170",1,11,2003,11,"Honduras",-0.339995276829667,0.576389943716413
"171",1,12,2004,11,"Honduras",-0.304975065527574,1.07964855342901
"172",1,13,2005,11,"Honduras",0.257069325931626,2.3474206798416
"173",1,14,2006,11,"Honduras",-0.161826450488003,1.89626832077713
"174",1,15,2007,11,"Honduras",0.155453836300942,2.9846342007835
"175",1,16,2008,11,"Honduras",-0.635769598099783,0.730885064496835
"176",1,17,2009,11,"Honduras",0.632425398314173,2.27418067892934
"177",1,18,2010,11,"Honduras",-0.167241149274622,1.71027077124844
"178",1,19,2011,11,"Honduras",-0.767236833946393,1.98014389824135
"179",1,20,2012,11,"Honduras",-0.207426708750585,2.15327248424647
"180",1,21,2013,11,"Honduras",-0.609260408807835,1.16510885692176
"181",1,22,2014,11,"Honduras",-0.0890206799476715,1.82925671591359
"182",1,4,1996,12,"Mexico",-0.650931335331928,1.30148283709023
"183",1,6,1998,12,"Mexico",-0.498904574067889,0.513180479423287
"184",1,8,2000,12,"Mexico",-0.325140141842161,4.09889190511849
"185",1,9,2001,12,"Mexico",-0.70544684308095,3.15597166593343
"186",1,10,2002,12,"Mexico",-0.781444899450555,1.89224324459695
"187",1,11,2003,12,"Mexico",-0.844516079552775,0.774448028343006
"188",1,12,2004,12,"Mexico",-0.188394928029012,1.31431088758391
"189",1,13,2005,12,"Mexico",-0.0233183049320148,3.09314087840288
"190",1,14,2006,12,"Mexico",0.439184664231311,1.8735810704643
"191",1,15,2007,12,"Mexico",0.395043656555407,3.49500318423774
"192",1,16,2008,12,"Mexico",-0.928874817878966,0.821614200637492
"193",1,17,2009,12,"Mexico",-0.0950785427146749,3.57988068955571
"194",1,18,2010,12,"Mexico",-0.534320732884415,1.51017756626689
"195",1,19,2011,12,"Mexico",-0.60470223911887,1.94768987354899
"196",1,20,2012,12,"Mexico",-0.887638056318383,1.43575163358803
"197",1,21,2013,12,"Mexico",-0.753678424293306,2.00396220336941
"198",1,22,2014,12,"Mexico",-0.513991512964882,1.72205624408184
"199",1,4,1996,13,"Nicaragua",-1.2699902111391,1.25263280824641
"200",1,6,1998,13,"Nicaragua",-0.0966727305092761,0.296832674934191
"201",1,8,2000,13,"Nicaragua",0.661589925152219,2.27240673222422
"202",1,9,2001,13,"Nicaragua",-0.0130374911597156,0.988260060271498
"203",1,10,2002,13,"Nicaragua",-0.0890738427666862,1.51069453982592
"204",1,11,2003,13,"Nicaragua",-0.686908225043756,0.701761785915683
"205",1,12,2004,13,"Nicaragua",-0.267155657363908,0.990897534155173
"206",1,13,2005,13,"Nicaragua",0.145358883576861,1.99068120955685
"207",1,14,2006,13,"Nicaragua",-0.836159138401419,1.42368979071642
"208",1,15,2007,13,"Nicaragua",0.523136415308486,1.80948584075484
"209",1,16,2008,13,"Nicaragua",-0.680775597958177,0.688837428528056
"210",1,17,2009,13,"Nicaragua",0.0527027311720167,2.28607292411899
"211",1,18,2010,13,"Nicaragua",-0.256564715895996,1.03201809567043
"212",1,19,2011,13,"Nicaragua",-0.478686446649732,1.01296539701459
"213",1,20,2012,13,"Nicaragua",-0.838281565291434,1.17390445021154
"214",1,21,2013,13,"Nicaragua",-0.585277240851113,1.54941666411966
"215",1,22,2014,13,"Nicaragua",-0.0870322049750623,1.4747525425532
"216",1,4,1996,14,"Panama",-0.928075282101383,1.43690475024054
"217",1,6,1998,14,"Panama",-0.27525162906251,0.627325555847841
"218",1,8,2000,14,"Panama",-0.375994429013369,2.83249097988834
"219",1,9,2001,14,"Panama",-0.253244446182373,2.16193582850275
"220",1,10,2002,14,"Panama",-0.461479300489129,2.29316006221555
"221",1,11,2003,14,"Panama",-1.10541583233165,1.0481979393816
"222",1,12,2004,14,"Panama",-0.587128147258364,1.27563268655551
"223",1,13,2005,14,"Panama",-0.251526135328152,1.1956484197392
"224",1,14,2006,14,"Panama",-0.37709265653121,1.69697433261796
"225",1,15,2007,14,"Panama",0.270810504325578,2.20798539728248
"226",1,16,2008,14,"Panama",-0.865475970280982,0.957247112898478
"227",1,17,2009,14,"Panama",0.25656026287166,2.72623772924815
"228",1,18,2010,14,"Panama",-0.165808752018763,1.60818704798924
"229",1,19,2011,14,"Panama",0.0620284715212425,2.95881448489652
"230",1,20,2012,14,"Panama",-0.786944632367635,1.69708664904708
"231",1,21,2013,14,"Panama",-0.840454909331544,2.27663199203543
"232",1,22,2014,14,"Panama",0.189632890611297,2.6630237796648
"233",1,4,1996,15,"Paraguay",-0.824116781091836,1.46055192106036
"234",1,6,1998,15,"Paraguay",-0.10781281781328,0.603154370088042
"235",1,8,2000,15,"Paraguay",0.169662137734223,3.26018807389609
"236",1,9,2001,15,"Paraguay",-0.0307091606152343,0.951957960572945
"237",1,10,2002,15,"Paraguay",-0.647038794087995,1.25350555698663
"238",1,11,2003,15,"Paraguay",-0.53999109171767,0.708611472594938
"239",1,12,2004,15,"Paraguay",-0.650492154520304,1.27710430162844
"240",1,13,2005,15,"Paraguay",-0.392076534972324,2.47504670128734
"241",1,14,2006,15,"Paraguay",-0.661900871271103,1.39112247251693
"242",1,15,2007,15,"Paraguay",0.0411492674809617,2.46468581178118
"243",1,16,2008,15,"Paraguay",-0.723805385000782,0.795495958187607
"244",1,17,2009,15,"Paraguay",-0.104445302159185,2.3547454259685
"245",1,18,2010,15,"Paraguay",-0.134318553175961,0.809133897565985
"246",1,19,2011,15,"Paraguay",-0.0871032249228272,2.12658017579546
"247",1,20,2012,15,"Paraguay",-0.925896609091476,1.42442894538646
"248",1,21,2013,15,"Paraguay",-0.731123921051572,0.884444078197708
"249",1,22,2014,15,"Paraguay",-0.449675201405391,1.77670756714729
"250",1,4,1996,16,"Peru",-1.07163012749385,1.44706670533612
"251",1,6,1998,16,"Peru",0.011709958017644,0.462986915069189
"252",1,8,2000,16,"Peru",0.580648049765656,3.10064937206521
"253",1,9,2001,16,"Peru",-0.249079159743904,1.4367620918942
"254",1,10,2002,16,"Peru",-0.602265132951687,1.78764592786193
"255",1,11,2003,16,"Peru",-0.507256872618168,0.736655080058999
"256",1,12,2004,16,"Peru",-0.415660642778536,1.0884005171026
"257",1,13,2005,16,"Peru",-0.00942651123530741,2.31993024373538
"258",1,14,2006,16,"Peru",-0.184596421474577,1.68523306205155
"259",1,15,2007,16,"Peru",0.446716624962751,2.83329722791854
"260",1,16,2008,16,"Peru",-0.588577194049516,0.784501271843285
"261",1,17,2009,16,"Peru",0.121834295407272,3.49439891106569
"262",1,18,2010,16,"Peru",-0.346905242556568,1.79351714982113
"263",1,19,2011,16,"Peru",-0.390802097976677,1.77710762626545
"264",1,20,2012,16,"Peru",-0.748246302758077,1.73168932612718
"265",1,21,2013,16,"Peru",-0.448366240190871,1.75127176227684
"266",1,22,2014,16,"Peru",-0.0795879447038221,2.11159562457853
"267",1,4,1996,17,"Uruguay",-0.611337305316925,1.26314681046613
"268",1,6,1998,17,"Uruguay",-0.341641263860017,0.778634975692302
"269",1,8,2000,17,"Uruguay",-0.513075377597289,2.93434835769878
"270",1,9,2001,17,"Uruguay",-0.323166335106797,1.43964358113288
"271",1,10,2002,17,"Uruguay",-1.12376122671267,1.80361860415367
"272",1,11,2003,17,"Uruguay",-0.439074837788332,0.774410750445979
"273",1,12,2004,17,"Uruguay",-0.442783085632186,1.50370474199608
"274",1,13,2005,17,"Uruguay",0.657574071282635,1.93733856798753
"275",1,14,2006,17,"Uruguay",0.187200041627318,2.09551266754337
"276",1,15,2007,17,"Uruguay",0.36024698864318,1.70176996236245
"277",1,16,2008,17,"Uruguay",-0.245323030690396,0.694154043835809
"278",1,17,2009,17,"Uruguay",0.158611190352414,2.48074964687931
"279",1,18,2010,17,"Uruguay",-0.0156811160732984,0.965754188812057
"280",1,19,2011,17,"Uruguay",-0.0843010713616707,1.14513340813361
"281",1,20,2012,17,"Uruguay",-0.508169651997036,1.33794550900243
"282",1,21,2013,17,"Uruguay",-0.308139551027525,1.32451034045728
"283",1,22,2014,17,"Uruguay",-0.0822951323438392,1.84571004505324
"284",1,4,1996,18,"Venezuela",-1.04012083367876,1.51622048981234
"285",1,6,1998,18,"Venezuela",-0.151922367592579,0.48416750941555
"286",1,8,2000,18,"Venezuela",0.636496674745379,2.32411283676144
"287",1,9,2001,18,"Venezuela",-0.257350578185129,1.8867982048011
"288",1,10,2002,18,"Venezuela",-0.552184857734059,1.94133789825613
"289",1,11,2003,18,"Venezuela",-0.923888560848511,0.880174417556514
"290",1,12,2004,18,"Venezuela",-0.215908261238639,1.92536824367423
"291",1,13,2005,18,"Venezuela",0.293702972330429,2.36505730493351
"292",1,14,2006,18,"Venezuela",0.857391177839818,1.75618907886791
"293",1,15,2007,18,"Venezuela",0.266944752649042,2.40751613842881
"294",1,16,2008,18,"Venezuela",-0.637135567745832,0.763223411196101
"295",1,17,2009,18,"Venezuela",-0.30063537365018,2.62510126457404
"296",1,18,2010,18,"Venezuela",-0.234198428053908,1.24043502758497
"297",1,19,2011,18,"Venezuela",-0.503835688478546,1.6066110980734
"298",1,20,2012,18,"Venezuela",-0.512537174798845,1.34500000353384
"299",1,21,2013,18,"Venezuela",-0.316473741828624,2.00188683114723
"300",1,22,2014,18,"Venezuela",0.691510630176879,1.66526168160733
"301",2,3,1995,1,"Argentina",0.955489485420216,0.551065357348524
"302",2,5,1997,1,"Argentina",0.631350057460992,0.198246502743617
"303",2,11,2003,1,"Argentina",0.392571943858048,0.379695064347064
"304",2,13,2005,1,"Argentina",-0.425883271792795,2.4268467226832
"305",2,17,2009,1,"Argentina",-1.34249653231537,2.80239202638056
"306",2,1,1993,2,"Bolivia",0.612442829124232,0.231465754346414
"307",2,5,1997,2,"Bolivia",0.0499304778658793,0.314432470971156
"308",2,10,2002,2,"Bolivia",-0.466716825957322,1.29081551685178
"309",2,14,2006,2,"Bolivia",-0.438451786288062,1.49136713861799
"310",2,11,2003,3,"Brazil",0.15701072933032,0.431066930778084
"311",2,15,2007,3,"Brazil",-0.477473506523035,2.33814945673231
"312",2,21,2013,3,"Brazil",0.858104527084487,0.161815252604656
"313",2,1,1993,4,"Chile",0.872991104715356,0.40564728613745
"314",2,5,1997,4,"Chile",0.510874103485955,0.115960224593807
"315",2,10,2002,4,"Chile",0.370000155169456,0.478898496478685
"316",2,14,2006,4,"Chile",0.344098035766991,1.12439801652571
"317",2,18,2010,4,"Chile",-0.0591202087247924,2.48208702000742
"318",2,6,1998,5,"Colombia",0.331967761878903,0.329682979518145
"319",2,10,2002,5,"Colombia",0.186304619991191,0.776022840954659
"320",2,14,2006,5,"Colombia",-0.0143818447210637,1.1473460877502
"321",2,18,2010,5,"Colombia",-1.16454628542481,4.63738174389067
"322",2,2,1994,6,"CostaRica",0.0781635557174161,1.82306568114043
"323",2,6,1998,6,"CostaRica",0.0618437227666137,0.185706551918489
"324",2,10,2002,6,"CostaRica",-0.349831690891363,1.44572729249172
"325",2,14,2006,6,"CostaRica",-0.196283114631996,1.04472504947953
"326",2,18,2010,6,"CostaRica",-1.15444818500789,2.67689692601864
"327",2,2,1994,7,"DominicanRep",-0.620139121206869,2.6013356624274
"328",2,6,1998,7,"DominicanRep",0.149209863228413,0.331301544573201
"329",2,10,2002,7,"DominicanRep",0.102374654792857,0.387543817144663
"330",2,14,2006,7,"DominicanRep",0.0830578316708659,0.918488842591762
"331",2,18,2010,7,"DominicanRep",-0.774872236434731,3.07641245144199
"332",2,4,1996,8,"Ecuador",0.517916337090488,0.92008644254541
"333",2,6,1998,8,"Ecuador",0.418039567054148,0.0961869672334897
"334",2,10,2002,8,"Ecuador",-0.204133215121591,0.910656409201711
"335",2,15,2007,8,"Ecuador",-1.16889145641611,1.85577900502649
"336",2,17,2009,8,"Ecuador",-1.39356597125272,1.6689802792932
"337",2,2,1994,9,"ElSalvador",-0.0767787487739421,2.89678996532059
"338",2,5,1997,9,"ElSalvador",0.452492004081621,0.159745670034495
"339",2,8,2000,9,"ElSalvador",0.04728744255739,0.444667726814732
"340",2,11,2003,9,"ElSalvador",0.166794481107569,0.625252428859106
"341",2,17,2009,9,"ElSalvador",-0.982569892571048,1.6595102316417
"342",2,3,1995,10,"Guatemala",0.543915491358866,0.116796595477611
"343",2,8,2000,10,"Guatemala",0.209171943611211,0.612514308257908
"344",2,12,2004,10,"Guatemala",0.13844299079007,0.771250030163418
"345",2,16,2008,10,"Guatemala",0.316247469448699,0.818061724693952
"346",2,20,2012,10,"Guatemala",-0.17304085050659,2.45566405283097
"347",2,2,1994,11,"Honduras",-0.63188422202252,1.88755051287213
"348",2,5,1997,11,"Honduras",0.397318916836736,0.0972239499055151
"349",2,10,2002,11,"Honduras",0.065248209664809,0.739156384477653
"350",2,14,2006,11,"Honduras",-0.173707215720538,0.8302708604748
"351",2,18,2010,11,"Honduras",-0.0303485945760734,3.01502402749935
"352",2,2,1994,12,"Mexico",0.356947457866385,0.63970225719785
"353",2,5,1997,12,"Mexico",0.216700866905936,0.207515817407768
"354",2,8,2000,12,"Mexico",0.21718132539608,0.210159280999417
"355",2,11,2003,12,"Mexico",0.0176389455764349,0.685876310900127
"356",2,14,2006,12,"Mexico",-0.413227833946614,0.702529128408514
"357",2,17,2009,12,"Mexico",-1.03143318999554,2.17416582120016
"358",2,4,1996,13,"Nicaragua",0.166509708966155,0.117901145214929
"359",2,10,2002,13,"Nicaragua",-0.182770033696622,1.24508939297345
"360",2,15,2007,13,"Nicaragua",-0.109076852746876,0.847416151165748
"361",2,7,1999,14,"Panama",0.717224746012933,0.350495711651321
"362",2,12,2004,14,"Panama",0.392004846129878,1.14675469656047
"363",2,17,2009,14,"Panama",-1.00295647081089,1.6997821906452
"364",2,1,1993,15,"Paraguay",0.70131883446594,0.411115066528668
"365",2,6,1998,15,"Paraguay",0.235402445707635,0.223103333846116
"366",2,11,2003,15,"Paraguay",-0.485913958028111,1.31606638110732
"367",2,16,2008,15,"Paraguay",0.264153860160169,0.442317756926782
"368",2,3,1995,16,"Peru",0.836412689194132,0.33077615127641
"369",2,9,2001,16,"Peru",0.207865640904712,0.302534593918426
"370",2,14,2006,16,"Peru",-0.00657922097163052,1.95718619367769
"371",2,3,1995,17,"Uruguay",0.126394254173045,2.59651682989997
"372",2,8,2000,17,"Uruguay",0.627204054387923,0.231251858930135
"373",2,13,2005,17,"Uruguay",-0.132649006716085,1.39805073012423
"374",2,17,2009,17,"Uruguay",-1.59966020218678,2.7400420472763
"375",2,1,1993,18,"Venezuela",0.588328168225856,0.664587453488285
"376",2,8,2000,18,"Venezuela",0.173004414667434,0.421973923042528
"377",3,3,1995,1,"Argentina",1.01796510022837,0.496279968601865
"378",3,5,1997,1,"Argentina",0.651549191193677,0.190921197180754
"379",3,11,2003,1,"Argentina",0.422011642625116,0.339642248661902
"380",3,13,2005,1,"Argentina",-0.400862351614217,2.46045319960264
"381",3,17,2009,1,"Argentina",-1.53675153822915,2.65345851979041
"382",3,1,1993,2,"Bolivia",0.643154177162111,0.220362047411461
"383",3,5,1997,2,"Bolivia",0.0747770165502138,0.293669916237181
"384",3,10,2002,2,"Bolivia",-0.494347862341912,1.45893523151358
"385",3,14,2006,2,"Bolivia",-0.289130594680978,1.31505924336913
"386",3,11,2003,3,"Brazil",0.226068415292937,0.356515321390406
"387",3,15,2007,3,"Brazil",-0.344347727458581,2.26792104080895
"388",3,21,2013,3,"Brazil",0.846603751092079,0.156968676228801
"389",3,1,1993,4,"Chile",0.882197237863619,0.377167454450982
"390",3,5,1997,4,"Chile",0.493305349330315,0.120757532750063
"391",3,10,2002,4,"Chile",0.341866775783218,0.451215583877515
"392",3,14,2006,4,"Chile",0.250047935159252,1.27747489326464
"393",3,18,2010,4,"Chile",0.0809070217377457,2.62262229176324
"394",3,6,1998,5,"Colombia",0.357556398732218,0.3165125640511
"395",3,10,2002,5,"Colombia",-0.618216914897615,1.46542271524837
"396",3,14,2006,5,"Colombia",-0.0869753183503511,1.17034091041947
"397",3,18,2010,5,"Colombia",-1.2512757915541,4.51462292799233
"398",3,2,1994,7,"DominicanRep",-0.60825206144981,2.53834686005618
"399",3,6,1998,7,"DominicanRep",0.127093620657809,0.35381054871319
"400",3,10,2002,7,"DominicanRep",0.060534956133771,0.349649385206266
"401",3,14,2006,7,"DominicanRep",0.059303824996881,0.929711519173646
"402",3,18,2010,7,"DominicanRep",-0.855122707867777,3.15080782639626
"403",3,2,1994,12,"Mexico",0.362171853122829,0.64105741731045
"404",3,5,1997,12,"Mexico",0.246916807725626,0.197052766616117
"405",3,8,2000,12,"Mexico",0.203360132102948,0.216160545996283
"406",3,11,2003,12,"Mexico",0.110061011669154,0.52140163412471
"407",3,14,2006,12,"Mexico",-0.258973000920347,0.642551514007762
"408",3,17,2009,12,"Mexico",-0.80774459842134,2.41813459876095
"409",3,1,1993,15,"Paraguay",0.701482503680078,0.427877869809374
"410",3,6,1998,15,"Paraguay",0.225890326606579,0.233874729352505
"411",3,11,2003,15,"Paraguay",-0.433226450175314,1.29086904542848
"412",3,16,2008,15,"Paraguay",0.297242720060356,0.398219459757327
"413",3,3,1995,17,"Uruguay",0.152048999596173,2.67956129082058
"414",3,8,2000,17,"Uruguay",0.645483709499297,0.215252436016898
"415",3,13,2005,17,"Uruguay",-0.199278332036845,1.41605543578369
"416",3,17,2009,17,"Uruguay",-1.63111787392373,2.75159320730024
"417",4,3,1995,1,"Argentina",1.46159047412853,5.3961662279483
"418",4,5,1997,1,"Argentina",1.81094441077826,4.60745878793235
"419",4,11,2003,1,"Argentina",-0.837488916258526,5.01148535362425
"420",4,13,2005,1,"Argentina",-1.52302361625401,3.92430668570468
"421",4,17,2009,1,"Argentina",-0.156588640666015,5.3588394930915
"422",4,1,1993,2,"Bolivia",0.363819259981339,5.89083155535308
"423",4,5,1997,2,"Bolivia",2.59919479754893,4.3496538762346
"424",4,10,2002,2,"Bolivia",1.94349455293724,6.82234857059313
"425",4,14,2006,2,"Bolivia",-1.06325511561011,5.03527859958912
"426",4,11,2003,3,"Brazil",-0.663876140366963,5.62805828911481
"427",4,15,2007,3,"Brazil",1.03760110566585,5.80749378436149
"428",4,21,2013,3,"Brazil",-0.842537069110844,5.78131539328334
"429",4,1,1993,4,"Chile",1.84438929654248,4.36805047832924
"430",4,5,1997,4,"Chile",-1.00190550232078,5.33718247013211
"431",4,10,2002,4,"Chile",1.10807164449024,4.69456629333474
"432",4,14,2006,4,"Chile",-1.18980700565028,4.89644782591372
"433",4,18,2010,4,"Chile",-0.618211725870757,5.45870942035204
"434",4,6,1998,5,"Colombia",2.06820708366067,3.92981230185438
"435",4,10,2002,5,"Colombia",0.821518762671451,5.34332081107151
"436",4,14,2006,5,"Colombia",-0.307705254628144,5.45304427682083
"437",4,18,2010,5,"Colombia",0.750195415490344,5.46543205890524
"438",4,2,1994,6,"CostaRica",-0.977158657863806,4.80143745526786
"439",4,6,1998,6,"CostaRica",2.51564127361733,4.11202266352674
"440",4,10,2002,6,"CostaRica",-0.896434850100638,4.74019556905212
"441",4,14,2006,6,"CostaRica",1.02169371109613,5.26502464752009
"442",4,18,2010,6,"CostaRica",-0.576611728960005,5.15840015486144
"443",4,2,1994,7,"DominicanRep",0.841417975590575,5.48726691526083
"444",4,6,1998,7,"DominicanRep",0.578912162473974,5.63296887447764
"445",4,10,2002,7,"DominicanRep",0.538039072017822,4.83752029020087
"446",4,14,2006,7,"DominicanRep",0.423932109057749,5.73579819386682
"447",4,18,2010,7,"DominicanRep",0.454638673491076,5.69113716550124
"448",4,4,1996,8,"Ecuador",0.31770604983365,5.72067438783466
"449",4,6,1998,8,"Ecuador",1.4674998845267,5.07471481010217
"450",4,10,2002,8,"Ecuador",1.18604870041121,5.15355127969543
"451",4,15,2007,8,"Ecuador",1.43898746705373,5.12010949813389
"452",4,17,2009,8,"Ecuador",-0.866012690491541,4.75483570450448
"453",4,2,1994,9,"ElSalvador",0.568589077624625,5.45529871163918
"454",4,5,1997,9,"ElSalvador",1.46624674694451,4.63429499562077
"455",4,8,2000,9,"ElSalvador",-0.614293697358761,5.14148638140782
"456",4,11,2003,9,"ElSalvador",2.50906289188111,4.03071133677654
"457",4,17,2009,9,"ElSalvador",-0.0914060424243163,5.25058400469749
"458",4,3,1995,10,"Guatemala",0.95746284984433,5.52302959745891
"459",4,8,2000,10,"Guatemala",-0.96609495388755,4.87624458276698
"460",4,12,2004,10,"Guatemala",0.605789535878063,5.64612003303879
"461",4,16,2008,10,"Guatemala",0.643670296731824,5.623611187363
"462",4,20,2012,10,"Guatemala",0.872738942343477,5.54436660534961
"463",4,2,1994,11,"Honduras",0.590197952989283,5.71925455251751
"464",4,5,1997,11,"Honduras",0.307663690355093,5.76586965857333
"465",4,10,2002,11,"Honduras",0.0105217291378722,5.95353135229729
"466",4,14,2006,11,"Honduras",-1.07092511054217,5.20891831534643
"467",4,18,2010,11,"Honduras",0.48767982452205,5.74493771839485
"468",4,2,1994,12,"Mexico",-0.619855066932984,5.16397148014218
"469",4,5,1997,12,"Mexico",1.88252653752437,4.46383661550321
"470",4,8,2000,12,"Mexico",1.47161906476862,4.81463349423631
"471",4,11,2003,12,"Mexico",1.24858487091083,4.67366645551669
"472",4,14,2006,12,"Mexico",1.0759155925152,4.84350539099913
"473",4,17,2009,12,"Mexico",1.04383950084769,5.22421553997615
"474",4,4,1996,13,"Nicaragua",1.58176539027498,5.14371469247128
"475",4,10,2002,13,"Nicaragua",0.323083334512222,3.0081267415655
"476",4,15,2007,13,"Nicaragua",0.571202282138496,6.08047924531783
"477",4,7,1999,14,"Panama",0.177167103136212,5.96755230453614
"478",4,12,2004,14,"Panama",0.937722855140762,5.61982483177469
"479",4,17,2009,14,"Panama",1.06976846874709,3.86009236743659
"480",4,1,1993,15,"Paraguay",0.801439320378897,6.13485819187319
"481",4,6,1998,15,"Paraguay",1.08636516156564,5.69433232632284
"482",4,11,2003,15,"Paraguay",0.525310734435574,6.29512829968738
"483",4,16,2008,15,"Paraguay",-0.340666628052606,6.29921375403017
"484",4,3,1995,16,"Peru",-0.445568643578253,5.845569411864
"485",4,9,2001,16,"Peru",0.376391714808354,5.73947518329524
"486",4,14,2006,16,"Peru",0.831470906810111,5.74823753404453
"487",4,3,1995,17,"Uruguay",0.0632778345286269,5.55113807498965
"488",4,8,2000,17,"Uruguay",0.772682139409814,5.59773485386405
"489",4,13,2005,17,"Uruguay",0.679904245245611,5.88245453114776
"490",4,17,2009,17,"Uruguay",-0.766648564488035,5.33580515274435
"491",4,1,1993,18,"Venezuela",0.0940575725603675,5.78230314921206
"492",4,8,2000,18,"Venezuela",-0.551218037830731,5.44970279464238
